Etunimi,Lukumäärä
Juha,"44,824"
Timo,"44,584"
Matti,"42,598"
Kari,"40,091"
Mikko,"38,521"
Jari,"37,922"
Antti,"37,725"
Jukka,"33,992"
Mika,"33,613"
Markku,"32,891"
Pekka,"32,146"
Hannu,"29,866"
Heikki,"28,991"
Janne,"27,635"
Seppo,"27,601"
Ari,"26,970"
Sami,"26,307"
Ville,"25,789"
Marko,"25,163"
Petri,"24,159"
Lauri,"23,167"
Jani,"22,791"
Erkki,"21,322"
Pentti,"20,527"
Teemu,"20,312"
Jorma,"20,265"
Harri,"19,927"
Eero,"18,660"
Jarmo,"18,488"
Jaakko,"18,382"
Jussi,"18,046"
Risto,"18,035"
Pasi,"18,015"
Raimo,"17,891"
Juho,"17,231"
Esa,"16,943"
Niko,"16,907"
Toni,"16,747"
Jouni,"16,669"
Pertti,"16,331"
Arto,"16,211"
Martti,"15,966"
Markus,"15,828"
Reijo,"15,696"
Tomi,"15,498"
Aleksi,"15,482"
Tuomas,"15,418"
Vesa,"15,347"
Veikko,"15,154"
Olli,"15,151"
Jouko,"14,949"
Kimmo,"14,747"
Joni,"14,548"
Tommi,"14,359"
Esko,"14,203"
Tero,"13,899"
Joonas,"13,185"
Henri,"12,692"
Eetu,"12,680"
Leo,"12,076"
Kalle,"11,404"
Jarkko,"11,326"
Ilkka,"11,270"
Jesse,"11,059"
Paavo,"10,825"
Joona,"10,750"
Elias,"10,686"
Eino,"10,605"
Pauli,"10,570"
Tuomo,"10,485"
Mikael,"10,030"
Jere,"9,939"
Tapio,"9,709"
Onni,"9,637"
Juuso,"9,627"
Matias,"9,592"
Veli,"9,241"
Arttu,"8,919"
Leevi,"8,784"
Simo,"8,778"
Jyrki,"8,714"
Keijo,"8,702"
Lasse,"8,512"
Joel,"8,122"
Aki,"8,041"
Juhani,"8,007"
Väinö,"7,916"
Niklas,"7,910"
Riku,"7,891"
Kai,"7,863"
Otto,"7,734"
Toivo,"7,649"
Mauri,"7,647"
Daniel,"7,526"
Miika,"7,470"
Jarno,"7,319"
Veeti,"7,317"
Niilo,"7,204"
Valtteri,"7,068"
Jan,"7,056"
Kauko,"6,851"
Reino,"6,806"
Rasmus,"6,698"
Rauno,"6,682"
Teuvo,"6,380"
Oliver,"6,254"
Roope,"6,223"
Ossi,"6,087"
Anton,"6,007"
Olavi,"5,967"
Santeri,"5,957"
Oskari,"5,863"
Ismo,"5,852"
Anssi,"5,745"
Atte,"5,720"
Veijo,"5,680"
Miro,"5,633"
Aaro,"5,590"
Vilho,"5,487"
Emil,"5,468"
Samuel,"5,400"
Samu,"5,371"
Aapo,"5,368"
Tauno,"5,358"
Samuli,"5,329"
Asko,"5,276"
Osmo,"5,269"
Tuukka,"5,085"
Kalevi,"5,061"
Lassi,"4,998"
Kim,"4,924"
Eemeli,"4,757"
Julius,"4,729"
Taisto,"4,594"
Aimo,"4,593"
Roni,"4,540"
Johan,"4,533"
Topi,"4,498"
Konsta,"4,468"
Jimi,"4,466"
Yrjö,"4,379"
Akseli,"4,295"
Henrik,"4,271"
Henry,"4,229"
Tatu,"4,163"
Miikka,"4,160"
Aatu,"4,151"
Max,"4,143"
Alex,"4,120"
Karl,"4,117"
Aarne,"4,109"
Tarmo,"4,109"
Tapani,"4,085"
Jyri,"4,071"
Erik,"4,063"
Johannes,"4,000"
Mauno,"3,964"
Sakari,"3,937"
Eemil,"3,932"
Vili,"3,922"
Patrik,"3,908"
Saku,"3,889"
Viljo,"3,871"
Kasper,"3,861"
Tom,"3,846"
Viljami,"3,792"
Sauli,"3,759"
Eeli,"3,749"
Ilpo,"3,707"
Ahti,"3,666"
Benjamin,"3,645"
Oiva,"3,577"
Kaarlo,"3,532"
Kristian,"3,517"
Kaj,"3,484"
Lenni,"3,474"
Arvo,"3,460"
Rami,"3,453"
Lars,"3,426"
Veli-Matti,"3,407"
Alpo,"3,404"
Eelis,"3,360"
Jonne,"3,316"
Peter,"3,307"
Iiro,"3,289"
Miska,"3,257"
Topias,"3,173"
Unto,"3,163"
Juha-Pekka,"3,160"
Jami,"3,095"
Kyösti,"3,094"
Hugo,"3,065"
Otso,"3,058"
Sampo,"3,045"
Sebastian,"3,045"
Luka,"2,983"
Aaron,"2,978"
Pyry,"2,939"
Jukka-Pekka,"2,932"
Nico,"2,917"
Robert,"2,895"
Noel,"2,874"
Heimo,"2,859"
Alexander,"2,761"
Urho,"2,746"
Aulis,"2,725"
Tony,"2,722"
Teppo,"2,705"
Nooa,"2,690"
Hans,"2,685"
Thomas,"2,617"
Miko,"2,593"
Aku,"2,565"
Sulo,"2,554"
Petteri,"2,553"
Santtu,"2,519"
Ilari,"2,483"
Luukas,"2,471"
Leif,"2,470"
Robin,"2,453"
Peetu,"2,420"
Panu,"2,374"
Perttu,"2,371"
Veikka,"2,340"
Tomas,"2,332"
Elmeri,"2,302"
Jasper,"2,287"
Veli-Pekka,"2,271"
Carl,"2,253"
Lucas,"2,222"
Harry,"2,211"
Juha-Matti,"2,203"
Aatos,"2,193"
Voitto,"2,180"
Jonas,"2,174"
Ilmari,"2,159"
Olli-Pekka,"2,153"
Lukas,"2,104"
John,"2,098"
Nuutti,"2,051"
Rainer,"2,017"
Oskar,"2,016"
Urpo,"1,982"
Terho,"1,965"
Aarni,"1,958"
Christian,"1,954"
Nils,"1,916"
Joonatan,"1,910"
Alvar,"1,904"
Tino,"1,901"
Antero,"1,888"
Kaapo,"1,879"
Paul,"1,879"
Klaus,"1,878"
Teijo,"1,846"
Aarno,"1,820"
Reima,"1,813"
Joakim,"1,793"
Stefan,"1,779"
Anders,"1,764"
Severi,"1,757"
Lari,"1,755"
Hannes,"1,737"
Oscar,"1,728"
Kasperi,"1,727"
Sisu,"1,717"
Justus,"1,713"
Aarre,"1,689"
Bengt,"1,687"
Frans,"1,685"
Luca,"1,681"
Axel,"1,665"
Tommy,"1,654"
Ari-Pekka,"1,625"
William,"1,624"
Jesper,"1,612"
Stig,"1,607"
Jooa,"1,591"
Arvi,"1,559"
Karri,"1,558"
Andreas,"1,551"
Ali,"1,535"
Elmo,"1,527"
Marcus,"1,527"
Manu,"1,517"
Rolf,"1,517"
Martin,"1,503"
Jori,"1,483"
Erno,"1,476"
Sven,"1,452"
Jerry,"1,441"
Kimi,"1,420"
Kalervo,"1,396"
Eemi,"1,392"
Milo,"1,391"
Taneli,"1,387"
Mats,"1,385"
Kurt,"1,377"
Kenneth,"1,364"
Touko,"1,343"
Timi,"1,340"
Vertti,"1,335"
Ralf,"1,320"
Tenho,"1,318"
Taavi,"1,313"
Patrick,"1,299"
Viktor,"1,281"
Jonathan,"1,273"
Felix,"1,267"
Jari-Pekka,"1,266"
Simon,"1,265"
Rauli,"1,251"
Verneri,"1,250"
Kevin,"1,223"
Björn,"1,221"
Linus,"1,215"
Fredrik,"1,214"
Michael,"1,209"
Jiri,"1,208"
Bo,"1,202"
Mohamed,"1,201"
Per,"1,182"
Mico,"1,180"
Edvin,"1,177"
Raine,"1,150"
Juhana,"1,138"
Casper,"1,128"
Adam,"1,084"
Tobias,"1,084"
Eerik,"1,083"
David,"1,068"
Heino,"1,067"
Tuure,"1,061"
Dan,"1,049"
Ulf,"1,039"
Noah,"1,035"
Kosti,"1,028"
Niki,"1,017"
Artturi,"1,013"
Jan-Erik,"1,009"
Mathias,"1,003"
Sampsa,"1,002"
Eliel,952
Magnus,951
Ville-Veikko,922
Visa,920
Jens,904
Christer,901
Erkka,901
Armas,897
Helge,897
Leon,894
Victor,889
Tiitus,880
Allan,879
Joose,865
Iikka,863
Auvo,861
Sasu,855
Ilmo,853
Jose,846
Jalo,843
Taito,843
Ukko,841
Teo,839
Bror,837
Albert,834
Iivo,832
Kjell,820
Roger,820
Petrus,815
Jeremias,809
Krister,804
Alf,786
Aleksanteri,779
Niclas,779
Liam,776
Niila,776
Valto,773
Marco,772
Nikolas,767
Filip,764
Antton,760
Ahmed,759
Jussi-Pekka,756
Okko,754
Waltteri,754
Vesa-Matti,752
Jimmy,747
Altti,738
Jon,735
Elia,733
Jonatan,729
Kaarle,721
Gabriel,720
Venni,718
Oula,716
Göran,713
Isto,708
Noa,704
Nicolas,697
Paulus,682
Iivari,681
Richard,679
Börje,674
Johnny,674
Vincent,668
Jarl,665
Roy,665
Eric,660
Aamos,651
Rafael,642
Mio,637
Turo,627
Jim,621
Andrei,620
Jonni,614
Ilja,612
Tor,609
Dennis,603
Eevert,603
Rene,600
Torsti,595
Tim,594
Mark,589
Adrian,578
Nicholas,577
Ben,575
Isak,575
Theo,572
Christoffer,570
Hemmo,568
Reko,565
Jare,564
Hermanni,553
Atso,549
Jalmari,549
Amos,543
Sam,540
Aron,538
Petja,538
Håkan,534
Walter,529
Frank,526
Jasu,525
Nikolai,525
Ensio,520
Dani,516
Bjarne,513
Miki,512
Mohammad,511
Ville-Pekka,509
Aapeli,502
Pietari,502
Neo,500
Eppu,499
Vladimir,499
Vesa-Pekka,498
Raino,495
Juri,493
Åke,492
Elis,491
Eljas,489
Mirko,488
Kauno,487
Usko,476
Kaius,466
Antti-Jussi,465
Arno,464
Elliot,463
Jaro,462
Aukusti,461
Gunnar,460
Arne,459
Valter,459
Omar,458
Christopher,444
Aksel,441
Aleksandr,438
Guy,437
Kari-Pekka,430
Pekko,430
Gustav,427
Pontus,427
Antti-Pekka,413
Mohammed,412
Georg,409
Sten,409
Ivan,407
Ronny,406
Nicklas,402
Arsi,400
Sergei,395
Boris,392
Romeo,392
Antto,391
Einari,391
Muhammad,390
Samppa,387
Turkka,385
Kent,384
André,382
Aatto,381
Mattias,381
Into,378
Jakob,377
Ibrahim,376
Maxim,376
Pavel,373
Toimi,373
Rune,371
Tage,371
Elmer,368
Arthur,364
Nestori,364
Mikke,363
Kristoffer,360
Artur,359
Nikita,359
Igor,358
Joa,358
Alvin,356
Klas,356
Osku,356
Ruben,356
Amir,354
Wille,351
Asmo,344
Bruno,343
Abdirahman,338
Jonny,338
James,336
Wilhelm,336
Vilppu,336
Albin,335
Nino,335
Van,334
Viljam,332
Valo,330
Joosua,329
Roman,328
Alfred,326
August,326
Philip,324
Anttoni,321
Jacob,320
Arvid,319
Ville-Petteri,318
Pietu,317
Ohto,316
Denis,315
Matts,315
Soini,315
Aleksander,314
Uuno,314
Maximilian,313
Edward,311
Lennart,311
Mitja,309
Aake,306
Karo,306
Ole,306
Orvo,304
Aleksei,303
Evert,303
Pete,303
Veini,303
Herman,301
Kasimir,300
Vihtori,297
Karim,296
Herkko,294
Svante,294
Esa-Pekka,293
Jack,292
Marius,292
Aleksis,290
Hannu-Pekka,290
Jean,290
Ville-Matti,289
Einar,288
Edvard,287
Jari-Matti,287
Ove,287
Pirkka,286
Valde,286
Erkko,285
Iisakki,285
Joshua,284
Asser,283
Jake,282
Jason,281
Aslak,280
Mustafa,280
Totti,280
Masi,279
Petro,279
Jörgen,277
Kuisma,277
Mertsi,277
Eeti,276
Abdullahi,275
Roland,275
Manuel,273
Nikke,273
Per-Erik,273
Ari-Matti,272
Julian,272
Alvari,271
Ivar,271
Oleg,271
Verner,270
Bernt,269
Benny,268
Joachim,268
Maksim,267
Sune,266
Olof,265
Petter,265
Rikhard,264
Rony,263
Konstantin,260
Jaani,259
Dominic,258
Mikhail,258
Miio,257
Ted,257
Gösta,256
Juho-Pekka,256
Iisak,254
Dimitri,253
Edwin,253
Jasse,253
Torsten,253
Timo-Pekka,252
Ian,251
Maunu,251
Jetro,249
Anselmi,247
Berndt,245
Hassan,245
Sergey,245
Ahmad,244
Peik,244
Anthony,243
Ernst,243
Dick,242
Immo,241
Pessi,241
Eddie,240
Melvin,240
Milton,240
Jone,239
Karl-Erik,238
Samir,237
Birger,236
Charles,235
Knut,235
Kaino,232
Renne,232
Wiljami,232
Lars-Erik,230
Simeon,229
Yusuf,229
Carl-Johan,228
Wilmer,227
Kare,225
Andrey,223
Kirill,222
Matthew,222
Mårten,222
Wäinö,222
Ronnie,221
Casimir,220
Dmitri,220
Olli-Matti,220
Alec,219
Kaspian,219
Antonio,218
Alexandre,216
Ola,215
Raul,215
Conny,212
Hussein,212
Kuutti,211
Staffan,211
Jermu,210
Leonard,210
Manne,210
Mike,209
Ville-Valtteri,208
Ingmar,207
Kennet,205
Levi,205
Miiko,205
Kerkko,204
Bertel,203
Carlos,203
Joe,203
Nemo,203
Rico,203
Jali,202
Tore,202
Isac,201
Olle,201
Viggo,201
Yngve,201
Frej,198
Jeremia,198
Hamza,197
Jani-Petteri,197
Sture,196
Aappo,195
Caj,195
Jaska,195
Benjam,193
Glenn,192
Mehmet,192
Huugo,191
Ami,190
Jesperi,190
Leonardo,190
Simo-Pekka,190
Mihail,189
Sixten,189
Andrew,187
Ismail,186
Jusa,186
Remu,186
Said,186
Alexey,185
Hemmi,185
Kristo,185
Tristan,184
Anas,183
Jarko,183
Ron,183
Sören,183
Fred,182
Aarto,181
Artem,181
Rudolf,181
Terno,181
Abdi,180
Daniil,180
Dmitry,179
Elja,178
René,178
Sami-Pekka,178
Valentin,178
Atro,177
Marc,177
Micke,177
Elian,175
Rauni,175
Holger,174
Ossian,174
Vilhelm,174
Kari-Matti,172
Zacharias,172
Kauri,171
Ken,171
Sami-Petteri,171
Amin,170
Karl-Johan,170
Folke,168
Khalid,168
Niilas,167
Liinus,166
Mahamed,166
Aate,165
Alfons,164
Benjami,164
Cristian,163
Helmer,163
Saska,163
Gustaf,162
Harald,162
Hasan,162
Lenny,161
Joseph,160
Thor,160
Rickard,158
Aati,157
Jan-Peter,156
Josef,156
Miklas,156
Jan-Mikael,155
Milan,155
Alexi,154
Jaajo,154
Matteus,154
Uula,154
Colin,153
Henrikki,153
Jani-Pekka,153
Juho-Matti,152
Kusti,152
Sakke,152
Titus,152
Valeri,152
Abdullah,151
Miiro,151
Torbjörn,151
Werner,151
Esa-Matti,150
Morris,150
Eikka,148
Verne,148
Abdul,147
Risto-Matti,147
Ryan,146
Hiski,145
Jero,145
Elo,144
Luke,144
Vadim,144
Leino,143
Niko-Petteri,143
Saul,143
Akusti,142
Juan,142
Nathan,142
Sulevi,142
Theodor,142
Alexei,140
Bertil,140
Myrsky,139
Ragnar,139
Vidar,139
Charlie,138
Valtti,138
Muhammed,137
Alvi,136
Mitro,136
Eevertti,135
Janne-Pekka,135
Per-Olof,135
Emir,134
Uolevi,134
Vinski,134
Alpi,133
Eeka,133
Jirka,133
Kaj-Erik,133
Ludvig,133
Alan,132
Anttu,132
George,132
Jiro,132
Jyry,132
Kullervo,132
Misa,132
Osman,132
Clas,131
Jeremy,131
Matti-Pekka,131
Otava,131
Vikke,131
Vladislav,131
Valle,130
Eduard,129
Greger,129
Juha-Petri,129
Minh,129
Edgar,127
Miku,127
Sammy,127
Werneri,127
Alexis,126
Juhamatti,126
Kustaa,126
Asla,125
Jeri,125
Micael,125
Evgeny,124
Remi,124
Roberto,124
Torolf,124
Ville-Markus,124
Ahto,123
Fabian,123
Juha-Petteri,123
Riku-Pekka,123
Rufus,123
Elvis,122
Juska,122
Claes,121
Jaan,121
Rabbe,121
Wiljam,121
Zakaria,121
Andre,120
Curt,120
Luis,120
Mikko-Pekka,120
Tyko,120
Karlo,119
Thanh,119
Dylan,118
Md.,118
Sven-Erik,118
Uljas,118
Elton,117
Hampus,117
Lionel,117
Roi,117
Sean,117
Stanislav,115
Tami,115
Kosmo,114
Patric,113
Pär,113
Bilal,112
Aale,111
Jasperi,111
Jussi-Petteri,111
Valdemar,111
Weeti,111
Yasin,111
Aksu,110
Auno,110
Harto,110
Lemmy,110
Timothy,110
Anatoli,109
Dante,109
Eliot,109
Miguel,109
Raoul,109
Silvo,109
Adnan,108
Emilio,108
Finn,108
Juuse,108
Matteo,108
Måns,108
Ethan,107
Riki,107
Tuisku,107
Eerikki,106
Jeremi,106
Nils-Erik,106
Aleks,105
Bo-Erik,105
Chris,105
Emre,105
Evan,105
Jaako,105
Milko,105
Rolle,105
Toomas,105
Ilyas,104
Jouka,104
Rayan,104
Arimo,103
Eki,102
Jakke,102
Kalle-Pekka,102
Taavetti,102
Kristofer,101
Mauritz,101
Olav,101
Riku-Petteri,101
Ture,101
Vitali,101
Carlo,100
Mario,100
Mohamad,100
Caspian,99
Deniz,99
Keimo,99
Timur,99
Eemu,98
Jan-Olof,98
Pedro,98
Vili-Valtteri,98
Brian,97
Kenny,97
Steven,97
Valtter,97
Asseri,96
Pepe,96
Sakarias,96
Ari-Jukka,95
Carl-Erik,95
Jan-Henrik,95
Jerker,95
Jussa,95
Leonel,95
Nuuti,95
Huuko,94
Runar,94
Selim,94
Stephen,94
Wilho,94
Eero-Pekka,93
Elvin,93
Leonid,93
Mikki,93
Sameli,93
Semi,93
Abel,92
Emmanuel,92
Marlo,92
Muhamed,92
Oliwer,92
Claus,91
Kian,91
Matvei,91
Nestor,91
Ray,91
Aki-Petteri,90
Arman,90
Jani-Matti,90
Joni-Petteri,90
Rudi,90
Urmas,90
Ricardo,89
Jonah,88
Joni-Pekka,88
Marek,88
Niku,88
Rurik,88
Tito,88
Wili,88
Abdulkadir,87
Alarik,87
Emppu,87
Isaac,87
Jamal,87
Jerri,87
José,87
Maximus,87
Pieti,87
Diego,86
Joska,86
Louis,86
Mehdi,86
Nick,86
Dominik,85
Jamiel,85
Joacim,85
Md,85
Pehr,85
Yahya,85
Antti-Juhani,84
Dag,84
Hans-Erik,84
Ilya,84
Veetu,84
Ante,83
Malte,83
Melker,83
Nicky,83
Ronald,83
Alessandro,82
Jan-Kristian,82
Jooel,82
Matthias,82
Caius,81
Havu,81
Josua,81
Kaspar,81
Marlon,81
Michel,81
Uno,81
Veli-Jussi,81
Ano,80
Fjalar,80
Mahdi,80
Mika-Petteri,80
Reeti,80
Teodor,80
Totte,80
Vilmer,80
Arian,79
Hamid,79
Jamie,79
Reetu,79
Abbas,78
Jona,78
Miikael,78
Renny,78
Timmy,78
Antti-Ville,77
Herbert,77
Jan-Eric,77
Pablo,77
Ruuben,77
Carl-Gustav,76
Ekku,76
Eskil,76
Justin,76
Jyri-Pekka,76
Mika-Petri,76
Murat,76
Musa,76
Nelson,76
Nikolay,76
Taimo,76
Youssef,76
Hasse,75
Olli-Petteri,75
Quoc,75
Ilppo,74
Juho-Antti,74
Malik,74
Mohamud,74
Otto-Ville,74
Ralph,74
Raymond,74
Tahvo,74
Ahmet,73
Alexandros,73
Arnold,73
Duc,73
Jokke,73
Lenne,73
Mahad,73
Morgan,73
Riko,73
Sven-Olof,73
Helmeri,72
Jan-Markus,72
Ludwig,72
Moritz,72
Reh,72
Sander,72
Tarvo,72
Ere,71
Jirko,71
Junnu,71
Miikkael,71
Andy,70
Calle,70
Elijah,70
Imran,70
Mika-Matti,70
Riku-Matti,70
Ruslan,70
Tero-Pekka,70
Viking,70
Winston,70
Andres,69
Aram,69
Aston,69
Harri-Pekka,69
Jukka-Matti,69
Stephan,69
Yahye,69
Abdifatah,68
Bert,68
Egor,68
Franz,68
Hjalmar,68
Jerome,68
Miron,68
Nabil,68
Nikolaos,68
Andrea,67
Enzo,67
Jony,67
Juhapekka,67
Juho-Petteri,67
Julle,67
Karl-Gustav,67
Melwin,67
Mikail,67
Robi,67
Tomi-Pekka,67
Emanuel,66
Ilias,66
Janne-Petteri,66
Jordan,66
Jussi-Matti,66
Kenth,66
Kuura,66
Matheo,66
Mici,66
Risto-Pekka,66
Anthon,65
Mert,65
Seemi,65
Damien,64
Eugen,64
Georgios,64
Karlos,64
Khaled,64
Konrad,64
Launo,64
Lenna,64
Lennu,64
Mika-Pekka,64
Ollipekka,64
Sasha,64
Steve,64
Vili-Petteri,64
Aito,63
Akram,63
Anh,63
Carl-Gustaf,63
Damian,63
Ingvar,63
Jan-Anders,63
Joar,63
Josi,63
Masa,63
Rio,63
Veli-Jukka,63
Yury,63
Carl-Henrik,62
Jukka-Petteri,62
Kiril,62
Mateo,62
Petr,62
Serguei,62
Syed,62
Anwar,61
Armo,61
Cay,61
Francisco,61
Hoang,61
Lalli,61
Pauno,61
Seyed,61
Amar,60
Antte,60
Ayman,60
Brandon,60
Cedric,60
Elof,60
Halti,60
Kunto,60
Mahmoud,60
Pasi-Pekka,60
Scott,60
Trygve,60
Zachary,60
Alexandr,59
Ariel,59
Hilding,59
Jooseppi,59
Jura,59
Lev,59
Paolo,59
Quang,59
Rikard,59
Robertino,59
Runo,59
Salomo,59
Sipi,59
Timo-Jaakko,59
Willy,59
Algot,58
Arho,58
Darin,58
Feetu,58
Janne-Matti,58
Johann,58
Karel,58
Marcel,58
Mikko-Petteri,58
Velimatti,58
Velu,58
Adil,57
Danny,57
Karl-Henrik,57
Nicke,57
Ramin,57
Salomon,57
Timofei,57
Vilhelmi,57
Ville-Oskari,57
Jari-Jukka,56
Jayden,56
Juno,56
Mustapha,56
Sayed,56
Stig-Erik,56
Waldemar,56
Valio,56
Waltter,56
Ale,55
Armin,55
Eirik,55
Ermo,55
Ernest,55
Ilia,55
Kaapro,55
Keni,55
Omer,55
Riiko,55
Ristomatti,55
Taha,55
Ukko-Pekka,55
Veli-Heikki,55
Vieno,55
Aabel,54
Anto,54
Antoni,54
Atle,54
Ayub,54
Ebbe,54
Jemi,54
Jomi,54
Jore,54
Mostafa,54
Ngoc,54
Tor-Erik,54
Ömer,54
Adel,53
Aki-Pekka,53
Alberto,53
Aslan,53
Christofer,53
Haidar,53
Jari-Petteri,53
Jaron,53
Jevgeni,53
Rachid,53
Theodore,53
Egil,52
Ilo,52
Jaakob,52
Lars-Johan,52
Odin,52
Raineri,52
Vaito,52
Aidan,51
Eeki,51
Faisal,51
Kamal,51
Konstantinos,51
Sakariye,51
Salah,51
Toni-Pekka,51
Troy,51
Aapi,50
Artti,50
Danil,50
Francis,50
Marcos,50
Marwan,50
Stig-Olof,50
Ate,49
Bernhard,49
Caspar,49
Don,49
Fredric,49
Huu,49
Isko,49
Juha-Antti,49
Jymy,49
Miso,49
Niiles,49
Paulo,49
Rinaldo,49
Saad,49
Valte,49
Arttur,48
Bill,48
Carl-Magnus,48
Derek,48
Feliks,48
Georgi,48
Glen,48
Jan-Christian,48
Lassi-Pekka,48
Markko,48
Mino,48
Paavali,48
Ricky,48
Saku-Petteri,48
Veli-Mikko,48
Vesa-Heikki,48
Ville-Matias,48
Alek,47
Azad,47
Daniele,47
Diar,47
Florian,47
Nathaniel,47
Reza,47
Sigurd,47
Veli-Antti,47
Viacheslav,47
Yassin,47
Andrej,46
Ayuub,46
Bastian,46
Danial,46
Dino,46
Dmitrii,46
Gleb,46
Hadi,46
Hussain,46
Idris,46
Kaleva,46
Lippo,46
Oke,46
Omid,46
Tarik,46
Tomy,46
Torvald,46
Adem,45
Fritz,45
Hanno,45
Jasin,45
Jeppe,45
Jusu,45
Liban,45
Per-Ole,45
Pietro,45
Salman,45
Sammeli,45
Stig-Göran,45
Velipekka,45
Veli-Petteri,45
Eli,44
Emin,44
Hakim,44
Harun,44
Hashim,44
Jaroslav,44
Joni-Matti,44
Joosa,44
Jorge,44
Juhan,44
Jukkapekka,44
Miilo,44
Nasir,44
Niko-Pekka,44
Noam,44
Toma,44
Venne,44
Xuan,44
Zakariya,44
Abdulrahman,43
Aiden,43
Ammar,43
Atlas,43
Eetu-Petteri,43
Erpo,43
Farid,43
Hakan,43
Haris,43
Ioannis,43
Janek,43
Jani-Petri,43
Jedi,43
Nici,43
Owen,43
Paul-Erik,43
Romi,43
Stepan,43
Taro,43
Teddy,43
Viki,43
Arif,42
Ari-Petteri,42
Bo-Göran,42
Efe,42
Farhan,42
Hong,42
Jopi,42
Lari-Pekka,42
Musab,42
Nilo,42
Päivö,42
Remo,42
Seeti,42
Seth,42
Valentino,42
Walid,42
Yousef,42
Aadam,41
Aki-Matti,41
Amadeus,41
Artjom,41
Birk,41
Bror-Erik,41
Darius,41
Devin,41
Feeli,41
Francesco,41
Jan-Ole,41
Jari-Petri,41
Jax,41
Juha-Heikki,41
Kai-Erik,41
Kasmir,41
Kenan,41
Kirmo,41
Marko-Tapio,41
Milad,41
Nisse,41
Stefano,41
Terjo,41
Yunus,41
Abdiaziz,40
Antony,40
Arda,40
Aziz,40
Baran,40
Berat,40
Dimitrios,40
Evald,40
Hanad,40
Hüseyin,40
Nikola,40
Philippe,40
Raphael,40
Retu,40
Vitaly,40
Abdulahi,39
Adiel,39
Chi,39
Daavid,39
Donald,39
Filipp,39
Jaso,39
Jerkko,39
Joeli,39
Lamin,39
Lars-Olof,39
Mahir,39
Sylvester,39
Toni-Petteri,39
Vasili,39
Veka,39
Vilgot,39
Volter,39
Yasir,39
Yonis,39
Aku-Petteri,38
Cosmo,38
Dave,38
El,38
Fedor,38
Freddy,38
Iisko,38
Joosu,38
Khalil,38
Kristjan,38
Lauri-Pekka,38
Leander,38
Maxwell,38
Misca,38
Muisto,38
Pasi-Petteri,38
Philipp,38
Päiviö,38
Rickhard,38
Roine,38
Sippo,38
Tien,38
Tomi-Petteri,38
Untamo,38
Younes,38
Aaretti,37
Abdel,37
Abdinasir,37
Asad,37
Bogdan,37
Carl-Eric,37
Conrad,37
Dean,37
Eilo,37
Fatih,37
Gary,37
Gert,37
Göte,37
Hannu-Matti,37
Iivar,37
Ismael,37
Jan-Eerik,37
Jeremiah,37
Joas,37
Keith,37
Larry,37
Miitri,37
Nolan,37
Ridwan,37
Ronni,37
Silas,37
Tatu-Pekka,37
The,37
Tico,37
Veerti,37
Viima,37
Ville-Mikko,37
Ake,36
Alejandro,36
Allu,36
Angelo,36
Arni,36
Arttu-Pekka,36
Arvin,36
Bashir,36
Can,36
Danila,36
Dario,36
Dion,36
Eetu-Pekka,36
Evgeni,36
German,36
Gregory,36
Janiel,36
Jouna,36
Juha-Mikko,36
Lorenzo,36
Mikko-Matti,36
Mikko-Ville,36
Nicolai,36
Oleksandr,36
Onni-Pekka,36
Salim,36
Saman,36
Setti,36
Siilas,36
Sinan,36
Tarek,36
Tuan,36
Veli-Markku,36
Wilton,36
Aari,35
Aku-Pekka,35
Antti-Matti,35
Aro,35
Brahim,35
Christos,35
Edi,35
Egon,35
Ensi,35
Farhad,35
Fernando,35
Hector,35
Hendrik,35
Henning,35
Ivo,35
Jaime,35
Jalmar,35
Javier,35
Jules,35
Kay,35
Lawrence,35
Miran,35
Misha,35
Pellervo,35
Ramses,35
Reidar,35
Remy,35
Samu-Petteri,35
Samy,35
Valery,35
Aaku,34
Aare,34
Bob,34
Bryan,34
Cameron,34
Claudio,34
Dan-Erik,34
Enes,34
Frey,34
Fuad,34
Georgij,34
Grigori,34
Jamil,34
Jay,34
Jeeli,34
John-Erik,34
Jüri,34
Jörn,34
Kemal,34
Lars-Göran,34
Mikko-Matias,34
Niels,34
Olli-Heikki,34
Onur,34
Rino,34
Sante,34
Suleiman,34
Théo,34
Uki,34
Vilko,34
Willem,34
Aalto,33
Abdallah,33
Ari-Juhani,33
Cong,33
Eliah,33
Erol,33
Habib,33
Halil,33
Jaki,33
Jeffrey,33
Josia,33
Jürgen,33
Kadir,33
Lion,33
Love,33
Mahamud,33
Mainio,33
Miles,33
Nilla,33
Nima,33
Osma,33
Otto-Pekka,33
Simopekka,33
Tan,33
Yoonis,33
Abdirisak,32
Abraham,32
Alessio,32
Antti-Oskari,32
Arash,32
Arjo,32
Billy,32
Calvin,32
Felipe,32
Frederick,32
Hans-Peter,32
Ingemar,32
Jere-Petteri,32
Jouni-Pekka,32
Juho-Heikki,32
Juho-Ville,32
Logan,32
Marvin,32
Mirka,32
Mitri,32
Mortti,32
Oma,32
Pierre,32
Pyry-Petteri,32
Rodi,32
Solomon,32
Sonny,32
Ville-Juhani,32
Vito,32
Yousif,32
Abbe,31
Abdirashid,31
Ailo,31
Arlo,31
Aydin,31
Benyamin,31
Duy,31
Eepi,31
Enrico,31
Jackson,31
Janus,31
Johny,31
Juho-Matias,31
Jyri-Petteri,31
Kari-Tapio,31
Kivi,31
Kyle,31
Mauro,31
Metin,31
Nikolaj,31
Olli-Jussi,31
Osvald,31
Pate,31
Remus,31
Rudy,31
Samu-Pekka,31
Santiago,31
Tord,31
Varma,31
Veli-Juhani,31
Vennu,31
Vili-Veikko,31
Zakariye,31
Östen,31
Abdirizak,30
Ako,30
Aryan,30
Christoph,30
Enis,30
Ervin,30
Ervo,30
Evgenii,30
Fahad,30
Gennadi,30
Gia,30
Imad,30
Ismet,30
Janos,30
Jarre,30
Juha-Ville,30
Kaappo,30
Kamil,30
Léo,30
Luqman,30
Matti-Juhani,30
Miklos,30
Milian,30
Miroslav,30
Oki,30
Olivier,30
Stanley,30
Thure,30
Tor-Björn,30
Wertti,30
Ville-Veikka,30
Abdirahim,29
Abdurahman,29
Aiman,29
Alban,29
Andi,29
András,29
Antoine,29
Aripekka,29
Damir,29
Douglas,29
Eddy,29
Faruk,29
Gilbert,29
Iouri,29
Jimmie,29
Juha-Markus,29
Kaiku,29
Kalle-Petteri,29
Karwan,29
Kris,29
Larri,29
Lars-Henrik,29
Leimu,29
Mooses,29
Mustafe,29
Nuno,29
Orhan,29
Peeter,29
Pyry-Pekka,29
Saif,29
Sigge,29
Sigvard,29
Sointu,29
Sumu,29
Tuovi,29
Umar,29
Walle,29
Vasily,29
Ville-Eemeli,29
Abubakar,28
Abukar,28
Aden,28
Alireza,28
Anssi-Pekka,28
Aras,28
Asa,28
Bernard,28
Edin,28
Enver,28
Ezra,28
Fabio,28
Federico,28
Ferhat,28
Goran,28
Guido,28
Hamse,28
Heikki-Pekka,28
Husein,28
Jared,28
Jari-Juhani,28
Joosef,28
Jussipekka,28
Juuso-Petteri,28
Kari-Juhani,28
Koitto,28
Lars-Eric,28
Lauri-Matti,28
Majid,28
Maxime,28
Mergim,28
Misael,28
Pekka-Juhani,28
Rahim,28
Rane,28
Ruu,28
Saku-Pekka,28
Sami-Petri,28
Simeoni,28
Tani,28
Trong,28
Ukri,28
Vesa-Jukka,28
Vesa-Petteri,28
Viet,28
Xavier,28
Abdimalik,27
Alain,27
Antti-Veikko,27
Austin,27
Connor,27
Dmytro,27
Eren,27
Erkan,27
Ernesti,27
Gideon,27
Heppu,27
Jori-Pekka,27
Kai-Markus,27
Kalle-Matti,27
Karolus,27
Le,27
Liiban,27
Mason,27
Maurits,27
Micah,27
Mick,27
Milos,27
Petros,27
Ramazan,27
Ramon,27
Tomás,27
Veeti-Valtteri,27
Viatcheslav,27
Wiggo,27
Ville-Antti,27
Villiam,27
Yannick,27
Ylermi,27
Abu,26
Adolf,26
Alaa,26
Alho,26
Alwin,26
Anatoly,26
Ardian,26
Artin,26
Ayoub,26
Cedrik,26
Dahir,26
Eduardo,26
Eero-Matti,26
Elliott,26
Fatmir,26
Furkan,26
Hamed,26
Hartti,26
Helke,26
Henri-Pekka,26
Hicham,26
Iippo,26
Jaakko-Pekka,26
Jeemi,26
Joni-Markus,26
Joonas-Petteri,26
Juha-Veikko,26
Lee,26
Louie,26
Margus,26
Mattis,26
Mirco,26
Mohsen,26
Nalle,26
Neil,26
Nikko,26
Ora,26
Osama,26
Pasi-Matti,26
Peder,26
Prince,26
Rick,26
Saarni,26
Sasa,26
Sébastien,26
Shahin,26
Tanu,26
Thien,26
Tyler,26
Ville-Heikki,26
Ville-Joonas,26
Ville-Samuli,26
Wincent,26
Vinh,26
Yassine,26
Abdelaziz,25
Abdulla,25
Aldo,25
Amer,25
Are,25
Arseni,25
Attila,25
Bekim,25
Björn-Erik,25
Carolus,25
Dage,25
Elon,25
Ensar,25
Ernesto,25
Fidel,25
Fouad,25
Hamsa,25
Imre,25
Irfan,25
Jani-Markus,25
Jukka-Tapio,25
Jun,25
Jyri-Matti,25
Kai-Kristian,25
Kirka,25
Lasse-Pekka,25
Manfred,25
Michele,25
Mubarak,25
Naser,25
Niko-Matti,25
Nur,25
Olli-Veikko,25
Peitsa,25
Rein,25
Sacha,25
Salmaan,25
Sami-Matti,25
Sani,25
Serhat,25
Sulho,25
Tariq,25
Terry,25
Timofey,25
Tomasz,25
Tom-Erik,25
Tryggve,25
Aatami,24
Abdurrahman,24
Alper,24
Amine,24
Andriy,24
Antti-Petteri,24
Ara,24
Burhan,24
Caleb,24
Dana,24
Driss,24
Erfan,24
Espen,24
Evgueni,24
Feija,24
Gerhard,24
Gustavo,24
Henno,24
Hessu,24
Jarto,24
Jethro,24
Jooas,24
Juha-Tapio,24
Juho-Jaakko,24
Jurkka,24
Jusuf,24
Kai-Mikael,24
Kaj-Olof,24
Kassu,24
Kerim,24
Khadar,24
Leonidas,24
Leo-Pekka,24
Leopold,24
Lorenz,24
Matvey,24
Moses,24
Muad,24
Nathanael,24
Onni-Oskari,24
Paju,24
Peeti,24
Per-Henrik,24
Rashid,24
Reda,24
Reini,24
Riku-Ville,24
Roomeo,24
Stefanos,24
Tero-Matti,24
Veli-Markus,24
Vili-Pekka,24
Ville-Waltteri,24
Vu,24
Zaid,24
Afrim,23
Ailu,23
Albion,23
Andréas,23
Ari-Jussi,23
Ari-Petri,23
Ba,23
Baris,23
Darren,23
Dmitrij,23
Efraim,23
Egzon,23
Ewan,23
Faysal,23
Frans-Emil,23
Freddie,23
Gerald,23
Giovanni,23
Giuseppe,23
Haider,23
Hardy,23
Hossein,23
Janne-Juhani,23
Janrik,23
Jegor,23
Jere-Pekka,23
Jerko,23
Jiko,23
Jommi,23
Josa,23
Julien,23
Julio,23
Jurij,23
Karrar,23
Kim-Erik,23
Markos,23
Mica,23
Michail,23
Murad,23
Nader,23
Nichlas,23
Nikki,23
Rani,23
Rodrigo,23
Saeed,23
Sakri,23
Sandro,23
Semen,23
Siimon,23
Timo-Juhani,23
Tomek,23
Touho,23
Trung,23
Umut,23
Valon,23
Vesa-Petri,23
Wictor,23
Viliam,23
Vjatseslav,23
Yan,23
Abdellah,22
Abdiqani,22
Abdirahmaan,22
Abdirisaq,22
Adi,22
Aleksandar,22
Anselm,22
Antti-Eemeli,22
Antti-Heikki,22
Aran,22
Ari-Heikki,22
Armend,22
Bujar,22
Cai,22
Carl-Axel,22
Carl-Oscar,22
Davin,22
Dexter,22
Eetu-Oskari,22
Emran,22
Erland,22
Fadi,22
Frederik,22
Georgy,22
Grigory,22
Hermann,22
Iipo,22
Jami-Petteri,22
Jan-Ove,22
Kasim,22
Kurt-Erik,22
Lenni-Kalle,22
Liibaan,22
Malek,22
Mete,22
Mir,22
Nando,22
Nicolás,22
Nikodemus,22
Noureddine,22
Olli-Juhani,22
Ramzi,22
River,22
Robbie,22
Samson,22
Sebastien,22
Serkan,22
Shawn,22
Silver,22
Soni,22
Tarkko,22
Terje,22
Tiko,22
Walther,22
Weikka,22
Veli-Petri,22
Veli-Ville,22
Wiljo,22
Vitalii,22
Voima,22
Yki,22
Yosef,22
Yuusuf,22
Zana,22
Aape,21
Aku-Matti,21
Alen,21
Almir,21
Antreas,21
Bengt-Erik,21
Bruuno,21
Constantin,21
Dilan,21
Dominick,21
Eeri,21
Elyas,21
Emerik,21
Emile,21
Georges,21
Gholam,21
Guled,21
Gunder,21
Heinz,21
Hektor,21
Hubert,21
Imraan,21
Jacques,21
Jama,21
Jan-Krister,21
Jarl-Erik,21
Joni-Petri,21
Juhopekka,21
Karl-Oskar,21
Kilian,21
Kouta,21
Lino,21
Loke,21
Massimo,21
Masud,21
Michal,21
Miika-Matias,21
Mikkel,21
Naim,21
Nasim,21
Natanael,21
Nikolaus,21
Niro,21
Nuka,21
Ossi-Pekka,21
Penna,21
Pirkka-Pekka,21
Poju,21
Rebwar,21
Riad,21
Ringo,21
Rohan,21
Ronan,21
Roobert,21
Safet,21
Sami-Jussi,21
Soran,21
Timoteus,21
Tommie,21
Upi,21
Urban,21
Wiktor,21
Yann,21
Abderrahmane,20
Adriano,20
Agim,20
Aldin,20
Alvaro,20
Amiir,20
Amit,20
Anttijussi,20
Arben,20
Arin,20
Aso,20
Bayram,20
Besim,20
Besnik,20
Brage,20
Bruce,20
Carl-Christian,20
Carl-Olof,20
Dany,20
Davide,20
Demir,20
Didrik,20
Eben,20
Eeropekka,20
Ehsan,20
Emad,20
Hai,20
Hannu-Heikki,20
Harrison,20
Ilkka-Kristian,20
Jalle,20
Jiska,20
Jontte,20
Juko,20
Kajo,20
Kalle-Antti,20
Kalle-Oskari,20
Karl-Olof,20
László,20
Leni,20
Léon,20
Marios,20
Matti-Jussi,20
Matti-Petteri,20
Micky,20
Mihkel,20
Muscab,20
Nadir,20
Ollimatti,20
Olli-Mikko,20
Pawel,20
Per-Johan,20
Petrik,20
Raikko,20
Raman,20
Rebin,20
Reni,20
Rex,20
Rian,20
Riccardo,20
Ropi,20
Sami-Ville,20
Sandor,20
Savva,20
Sergio,20
Sharif,20
Thommy,20
Timo-Matti,20
Velmu,20
Vesa-Ville,20
Wilson,20
Yaasir,20
Zoltán,20
Abdalla,19
Abdihakim,19
Abdikarim,19
Abdulaziz,19
Abshir,19
Ahvo,19
Akira,19
Alexandru,19
Ansu,19
Antonios,19
Artto,19
Atilla,19
Bilaal,19
Brendan,19
Bülent,19
Cody,19
Danilo,19
Dorian,19
Enso,19
Farah,19
Faris,19
Firas,19
Gaius,19
Gennady,19
Henric,19
Immanuel,19
Indrek,19
Isa,19
István,19
Jaanus,19
Jafar,19
Jan-Christer,19
Jan-Michael,19
Jeff,19
Jere-Matti,19
Jesse-Petteri,19
Jibril,19
Jockum,19
Juho-Oskari,19
Jukka-Petri,19
Kamran,19
Karl-Gustaf,19
Kelvin,19
Kerem,19
Lahja,19
Lari-Matti,19
Lars-Åke,19
Luan,19
Manh,19
Mart,19
Meelis,19
Mikko-Juhani,19
Muaad,19
Muhamad,19
Muhsin,19
Natan,19
Nils-Johan,19
Olaf,19
Panu-Petteri,19
Pehr-Erik,19
Per-Åke,19
Piotr,19
Rain,19
Rocco,19
Rodion,19
Saabir,19
Salar,19
Saleh,19
Salem,19
Salih,19
Sami-Jukka,19
Sharmarke,19
Shayan,19
Sirius,19
Sverre,19
Tao,19
Thai,19
Wei,19
Veli-Martti,19
Vellu,19
Ville-Kalle,19
Yacine,19
Aivar,18
Ajan,18
Amadou,18
Amjad,18
Antti-Jaakko,18
Ari-Mikko,18
Art,18
Astor,18
Axl,18
Basil,18
Besart,18
Burak,18
Caro,18
Cevin,18
Crister,18
Demian,18
Dinh,18
Ebrahim,18
Emrah,18
Erick,18
Esapekka,18
Esa-Petteri,18
Faton,18
Feeliks,18
Filippo,18
Gökhan,18
Hari,18
Hayder,18
Heikki-Juhani,18
Hendry,18
Henkka,18
Hisham,18
Ilhan,18
Jaakko-Juhani,18
Jakov,18
Jakub,18
Jalal,18
Jonnie,18
Joona-Petteri,18
Josiah,18
Juuso-Pekka,18
Kai-Pekka,18
Kareem,18
Kari-Jukka,18
Kari-Jussi,18
Koda,18
Kuuno,18
Maahir,18
Maks,18
Marko-Tapani,18
Masoud,18
Maximillian,18
Meo,18
Mihhail,18
Mihka,18
Mubashir,18
Noar,18
Nour,18
Nuur,18
Olli-Ville,18
Onni-Matti,18
Ousman,18
Reuben,18
Rida,18
Rocky,18
Rodney,18
Sabah,18
Sem,18
Serdar,18
Serge,18
Sherif,18
Sirwan,18
Tauri,18
Teemu-Pekka,18
Timitri,18
Trevor,18
Veli-Veikko,18
Velmeri,18
Vesamatti,18
Vili-Veikka,18
Yaroslav,18
Zain,18
Zakari,18
Abdelkader,17
Abdiasis,17
Adan,17
Adnaan,17
Aleksej,17
Andrés,17
Anis,17
Antti-Mikael,17
Aren,17
Arhi,17
Arkan,17
Artan,17
Atri,17
Avni,17
Babak,17
Björn-Olof,17
Carl-Mikael,17
Cem,17
Cemal,17
Christophe,17
Davi,17
Eddi,17
Elion,17
Emmett,17
Enrique,17
Erdal,17
Farzad,17
Fedja,17
Félix,17
Ferdinand,17
Firat,17
Franco,17
Fredrick,17
Geoffrey,17
Ghulam,17
Haakon,17
Harold,17
Hemi,17
Ilir,17
Ilkka-Pekka,17
Ilmar,17
Ioan,17
Jan-Åke,17
Jere-Matias,17
Jesse-Pekka,17
Joan,17
João,17
Juha-Jaakko,17
Juho-Mikko,17
Kaiho,17
Kai-Petteri,17
Karam,17
Kari-Petteri,17
Kawa,17
Khaalid,17
Kristopher,17
Kåre,17
Leart,17
Mahmood,17
Mahmud,17
Makar,17
Malcolm,17
Markku-Pekka,17
Mesut,17
Mirza,17
Munasar,17
Niko-Petri,17
Nils-Olof,17
Onni-Kalle,17
Per-Eric,17
Raed,17
Rami-Pekka,17
Reimo,17
Renni,17
Rinor,17
Samuele,17
Senad,17
Solmu,17
Stuart,17
Tahir,17
Tamás,17
Teemu-Petteri,17
Tiera,17
Toby,17
Tommaso,17
Tommi-Petteri,17
Toni-Markus,17
Tri,17
Ulrik,17
Uuras,17
Wilhelmi,17
Ville-Aleksi,17
Ville-Hermanni,17
Ville-Jussi,17
Vitaliy,17
Wolfgang,17
Volmari,17
Yasser,17
Yonatan,17
Yuri,17
Zaki,17
Abdikadir,16
Abdullaahi,16
Akam,16
Alpertti,16
Alve,16
Amiin,16
Andrus,16
Angel,16
Anttipekka,16
Anuar,16
Ari-Veikko,16
Ari-Ville,16
Artemi,16
Arton,16
Ata,16
Ati,16
Bore,16
Castor,16
Cian,16
Diyar,16
Ebrima,16
Edmond,16
Eldar,16
Elijas,16
Ellis,16
Elwin,16
Ensti,16
Erkka-Pekka,16
Erwin,16
Esra,16
Fadil,16
Gabriele,16
Hemming,16
Hiwa,16
Iman,16
Iska,16
Iurii,16
Jari-Heikki,16
Jarkko-Pekka,16
Jaromir,16
Jesse-Joonas,16
Jeton,16
Jonte,16
Juho-Kusti,16
Juho-Tuomas,16
Jusef,16
Ka,16
Kaan,16
Kaj-Mikael,16
Kalle-Eemeli,16
Kalle-Ville,16
Kami,16
Karol,16
Kjell-Erik,16
Leif-Erik,16
Lewis,16
Lias,16
Lio,16
Lorik,16
Maher,16
Marat,16
Marno,16
Mateus,16
Matt,16
Matte,16
Maxi,16
Mehran,16
Mickey,16
Miiku,16
Mikel,16
Mikko-Oskari,16
Miro-Matias,16
Momodou,16
Mourad,16
Muhannad,16
Muslim,16
Nasser,16
Norman,16
Oku,16
Onni-Eemeli,16
Oska,16
Pami,16
Péter,16
Ram,16
Ramadan,16
Ross,16
Sakaria,16
Samer,16
Samu-Ville,16
Semir,16
Siim,16
Tiago,16
Timjami,16
Tran,16
Travis,16
Tyson,16
Ugur,16
Wael,16
Waleed,16
Valfrid,16
Vedat,16
Veija,16
Weikko,16
Veino,16
Veli-Hannu,16
Veli-Valtteri,16
Ville-Vesa,16
Vilpas,16
Wolf,16
Xander,16
Zakarias,16
Ziad,16
Aapro,15
Aku-Ville,15
Amon,15
Antonis,15
Arbnor,15
Ares,15
Arlind,15
Armando,15
Arseny,15
Arto-Pekka,15
Ayhan,15
Bajram,15
Bakhtiar,15
Cary,15
Casmir,15
Cengiz,15
Daud,15
Deni,15
Derrick,15
Dima,15
Edmund,15
Ekke,15
Erkki-Mikael,15
Evangelos,15
Feodor,15
Georgii,15
Guillermo,15
Hamzah,15
Hamze,15
Hani,15
Heikki-Matti,15
Heimer,15
Heinrich,15
Huy,15
Ilyaas,15
Israel,15
Janis,15
Jan-Magnus,15
Jan-Patrik,15
Jari-Antti,15
Jaxon,15
Jico,15
Jimmi,15
Jocke,15
Jude,15
Juho-Kalle,15
Kale,15
Kalle-Juhani,15
Kie,15
Kieran,15
Klas-Erik,15
Latif,15
Lyly,15
Mahmut,15
Make,15
Mansur,15
Matin,15
Mauricio,15
Mika-Juhani,15
Morad,15
Morten,15
Mustaf,15
Najib,15
Nhat,15
Nikos,15
Nils-Göran,15
Nipa,15
Nova,15
Paul-Henrik,15
Per-Håkan,15
Raphaël,15
Reine,15
Roihu,15
Roki,15
Sabir,15
Sami-Antti,15
Santino,15
Shane,15
Simi,15
Stavros,15
Sunny,15
Taoufik,15
Tatu-Matti,15
Thiago,15
Timka,15
Timo-Petteri,15
Timo-Tapio,15
Toni-Matti,15
Toni-Petri,15
Ulf-Erik,15
Uoti,15
Uwe,15
Wai,15
Veli-Pentti,15
Vide,15
Wihtori,15
Viimo,15
Villematti,15
Ville-Pertti,15
Vilmeri,15
Virmo,15
Vladyslav,15
Vyacheslav,15
Vänni,15
Yakup,15
Zion,15
Abderrahim,14
Abdulaahi,14
Abdulqadir,14
Adrien,14
Akim,14
Alari,14
Aleksey,14
Alexandro,14
Alf-Erik,14
Alfonso,14
Aman,14
Anatolii,14
Anil,14
Antti-Jukka,14
Arn,14
Áron,14
Arun,14
Axu,14
Bahman,14
Bedri,14
Behzad,14
Benedict,14
Bernd,14
Blake,14
Blerim,14
Cao,14
Carl-Fredrik,14
Carsten,14
Cole,14
Craig,14
Danel,14
Eemel,14
Eeno,14
Eino-Pekka,14
Ele,14
Emiliano,14
Eyal,14
Fikret,14
Finley,14
Fitim,14
Geir,14
Hans-Olof,14
Hardi,14
Huima,14
Iiro-Pekka,14
Ilan,14
Ion,14
Issa,14
Jani-Mikael,14
Jannis,14
Jari-Markus,14
Jaripekka,14
Jerkka,14
Juha-Veli,14
Juho-Eemil,14
Juusa,14
Jörg,14
Kaarne,14
Kai-Eerik,14
Karl-Magnus,14
Karzan,14
Khac,14
Kingsley,14
Lior,14
Lowe,14
Markku-Juhani,14
Marko-Juhani,14
Matti-Mikael,14
Matts-Erik,14
Mentor,14
Miika-Markus,14
Mirsad,14
Mischa,14
Mukhtar,14
Munir,14
Nabiil,14
Nazar,14
Nico-Petteri,14
Nizar,14
Noé,14
Noël,14
Norbert,14
Oktay,14
Ollie,14
Onni-Matias,14
Ossi-Petteri,14
Otto-Oskari,14
Per-Anders,14
Petu,14
Piko,14
Rafik,14
Rahman,14
Rahul,14
Rai,14
Randy,14
Rieti,14
Rion,14
Rory,14
Saku-Matti,14
Seelim,14
Semih,14
Sergiy,14
Shaun,14
Sigfrid,14
Sina,14
Suleyman,14
Sverker,14
Tane,14
Tanel,14
Taru,14
Thore,14
Thorolf,14
Thorvald,14
Timo-Jukka,14
Tomer,14
Vanja,14
Vasilij,14
Vesa-Veikko,14
Villeveikko,14
Wisam,14
Volkan,14
Volodymyr,14
Väiski,14
Yahia,14
Yaqub,14
Yousuf,14
Zeb,14
Zoran,14
Aadolf,13
Abas,13
Abdillahi,13
Abdisalam,13
Abdishakur,13
Adar,13
Agron,13
Akif,13
Aki-Jussi,13
Akil,13
Aki-Petri,13
Akke,13
Amr,13
Antti-Mikko,13
Araz,13
Arber,13
Aris,13
Arkadi,13
Arsenij,13
Asher,13
Ashraf,13
Asto,13
Augustin,13
Barry,13
Bashkim,13
Bekir,13
Béla,13
Beni,13
Benja,13
Carl-Göran,13
Clas-Göran,13
Collin,13
Csaba,13
Dan-Anders,13
Deon,13
Dmitriy,13
Dome,13
Eden,13
Edis,13
Edon,13
Eino-Juhani,13
Eliam,13
Ercan,13
Erich,13
Erion,13
Erkki-Jussi,13
Erkki-Pekka,13
Esaias,13
Esu,13
Ewert,13
Fahim,13
Finlay,13
Gael,13
Gordon,13
Grels,13
Hansi,13
Haron,13
Hayden,13
Horst,13
Hung,13
Hunter,13
Husam,13
Ikenna,13
Iljas,13
Immu,13
Ingolf,13
Ingvald,13
Innocent,13
Ishak,13
Jahn,13
Jan-Sebastian,13
Jarek,13
Jasmin,13
Jayson,13
Joël,13
Joni-Mikael,13
Jousia,13
Jukka-Tapani,13
Kristen,13
Lare,13
Lars-Peter,13
Lennox,13
Lex,13
Lorentz,13
Loui,13
Lulzim,13
Luuka,13
Mamadou,13
Mano,13
Margo,13
Marian,13
Mickael,13
Mika-Markus,13
Mishka,13
Moussa,13
Muharrem,13
Murtada,13
Musse,13
Nabeel,13
Nali,13
Nicola,13
Noor,13
Orion,13
Otto-Emil,13
Panagiotis,13
Panu-Pekka,13
Pavlos,13
Penja,13
Penjami,13
Pette,13
Phi,13
Pohto,13
Raiko,13
Reittu,13
Repe,13
Rostislav,13
Sabri,13
Sadiq,13
Safwan,13
Saki,13
Salvatore,13
Sascha,13
Seif,13
Shaho,13
Sid,13
Simo-Petteri,13
Sinuhe,13
Sofiane,13
Süleyman,13
Taher,13
Tam,13
Tamer,13
Tempo,13
Terence,13
Tero-Petteri,13
Thorsten,13
Till,13
Timo-Jussi,13
Tommo,13
Toni-Mikael,13
Topi-Matti,13
Usama,13
Utu,13
Valeriy,13
Veeli,13
Veli-Tapio,13
Vili-Verneri,13
Ville-Tapio,13
Ville-Tuomas,13
Vinha,13
Volmar,13
Yaser,13
Yaxye,13
Yilmaz,13
Ümit,13
Zack,13
Abdellatif,12
Abdukadir,12
Aleksandros,12
Alieu,12
Alon,12
Altin,12
Amel,12
Andrzej,12
Antti-Einari,12
Antti-Tapio,12
Armi,12
Arsen,12
Auku,12
Ayad,12
Bahram,12
Barham,12
Bashiir,12
Behar,12
Cajus,12
Camilo,12
Claude,12
Conor,12
Cooper,12
Damon,12
Darian,12
Doni,12
Ebenezer,12
Eetu-Matti,12
Eetu-Ville,12
Eetvi,12
Ekrem,12
Eliott,12
Emiel,12
Emrik,12
Endrit,12
Esa-Jussi,12
Esteban,12
Fatos,12
Fehmi,12
Ferenc,12
Fionn,12
Florent,12
Franklin,12
Fride,12
Gani,12
Ghassan,12
Granit,12
Hamdi,12
Hanne,12
Hans-Göran,12
Haroun,12
Hawkar,12
Haydar,12
Heikki-Tapio,12
Henri-Mikael,12
Ihsan,12
Iko,12
Isaiah,12
Jad,12
Jaden,12
Jann,12
Janne-Markus,12
Jari-Jussi,12
Jari-Mikko,12
Jari-Tapio,12
Jauri,12
Jesus,12
Jino,12
Joah,12
Joannis,12
Joao,12
Joni-Juhani,12
Joona-Pekka,12
Joonathan,12
Josse,12
Juha-Markku,12
Junior,12
Jussi-Heikki,12
Jussi-Mikko,12
Kai-Juhani,12
Kaijus,12
Kajus,12
Kalle-Valtteri,12
Kalle-Veikko,12
Karipekka,12
Karl-Anton,12
Kastriot,12
Kelpo,12
Kert,12
Kille,12
Kiri,12
Klas-Göran,12
Kosma,12
Kushtrim,12
Laith,12
Lars-Ole,12
Lassi-Matti,12
Laurent,12
Leandro,12
Leith,12
Lennie,12
Lennon,12
León,12
Leroy,12
Lloyd,12
Loris,12
Luucas,12
Maksym,12
Mansour,12
Marko-Mikael,12
Marko-Pekka,12
Mascuud,12
Mats-Erik,12
Matthieu,12
Mattia,12
Matti-Esko,12
Miclas,12
Mies,12
Miihkali,12
Mitjo,12
Modou,12
Nael,12
Neeo,12
Nguyen,12
Nic,12
Nihat,12
Okan,12
Olli-Antti,12
Olli-Oskari,12
Onni-Elmeri,12
Outi,12
Patu,12
Pavlo,12
Per-Göran,12
Phillip,12
Phuoc,12
Platon,12
Pär-Erik,12
Raikas,12
Raimond,12
Raivo,12
Rajan,12
Ramesh,12
Ransu,12
Rasul,12
Rikumatti,12
Roshan,12
Rui,12
Rupert,12
Sadik,12
Saeid,12
Salam,12
Sameer,12
Sándor,12
Sipan,12
Soheil,12
Sohrab,12
Sony,12
Steffen,12
Suhaib,12
Suheyb,12
Thorbjörn,12
Thord,12
Timo-Tapani,12
Todd,12
Toive,12
Toni-Kristian,12
Toni-Tapio,12
Tonny,12
Udo,12
Vahid,12
Valerii,12
Walton,12
Veli-Kalle,12
Veli-Tapani,12
Veniamin,12
Venneri,12
Wenni,12
Vesa-Tapio,12
Wesley,12
Vicente,12
Wiliam,12
Ville-Sakari,12
Visa-Pekka,12
Yacquub,12
Yoav,12
Youcef,12
Yu,12
Yuriy,12
Yusef,12
Zakarie,12
Zubair,12
Özgür,12
Abd,11
Abdelkarim,11
Abdoulie,11
Al,11
Alfredo,11
Andrii,11
Antti-Matias,11
Ardit,11
Ari-Juha,11
Ario,11
Arion,11
Arri,11
Arsenii,11
Arsim,11
Arwid,11
Asaad,11
Assar,11
Asse,11
Atos,11
Awil,11
Badr,11
Bashar,11
Bassam,11
Bengt-Olof,11
Bennet,11
Berk,11
Bjørn,11
Cecil,11
Cesar,11
Cristiano,11
Daan,11
Dániel,11
Davy,11
Desmond,11
Dimi,11
Dimitar,11
Edris,11
Eelo,11
Enok,11
Esa-Petri,11
Eugene,11
Fathi,11
Feelix,11
Fidan,11
Fredi,11
Gavin,11
Gazmend,11
Gerard,11
Ghazi,11
Guennadi,11
Haci,11
Halit,11
Han,11
Hedi,11
Heiki,11
Heljo,11
Helmut,11
Hemminki,11
Ibraahim,11
Ila,11
Jaafar,11
Jaakko-Matti,11
Janko,11
Jan-Martin,11
Jannik,11
Janno,11
Jan-Roger,11
Jari-Veikko,11
Jarkko-Juhani,11
Jasim,11
Jasir,11
Jelmeri,11
Jeriko,11
Jesse-Juhani,11
Jimy,11
Jon-Erik,11
Joni-Kristian,11
Jonttu,11
Joonia,11
Joopi,11
Jori-Matti,11
Josias,11
Jouni-Matti,11
Jovan,11
Juha-Erkki,11
Juha-Pertti,11
Juho-Erik,11
Juhomatti,11
Junno,11
Jussi-Joonas,11
Jyri-Petri,11
Kai-Petri,11
Kaj-Henrik,11
Kardo,11
Karri-Pekka,11
Kaveh,11
Kien,11
Kim-Henrik,11
Kim-Johan,11
Klim,11
Krishna,11
Krisse,11
Kristof,11
Kwok,11
Ledion,11
Leo-Matti,11
Liridon,11
Lotfi,11
Luc,11
Lumo,11
Marcello,11
Marcelo,11
Marcin,11
Mariwan,11
Marko-Petteri,11
Marwaan,11
Masuud,11
Maurice,11
Mertzi,11
Mihku,11
Mika-Erik,11
Miro-Petteri,11
Morteza,11
Moustafa,11
Nadeem,11
Navid,11
Nedim,11
Nedzad,11
Nhu,11
Nietos,11
Nils-Eric,11
Noeli,11
Obinna,11
Onni-Ilmari,11
Pedram,11
Pelle,11
Phuc,11
Pjotr,11
Raafael,11
Ramiar,11
Ravi,11
Rei,11
Remzi,11
Ridwaan,11
Roan,11
Roope-Oskari,11
Ruudolf,11
Safin,11
Sahin,11
Samiir,11
Sami-Kristian,11
Samo,11
San,11
Sead,11
Sedat,11
Semmi,11
Seve,11
Shahram,11
Sheikh,11
Shuaib,11
Shwan,11
Spencer,11
Sten-Olof,11
Styrbjörn,11
Sulaiman,11
Sunday,11
Sunil,11
Suraj,11
Syksy,11
Sylvain,11
Taave,11
Taras,11
Tate,11
Teri,11
Tero-Tapio,11
Tijan,11
Timo-Heikki,11
Tommi-Pekka,11
Truong,11
Turjo,11
Veeni,11
Veli-Erkki,11
Veli-Jaakko,11
Vesa-Antti,11
Vexi,11
Ville-Mikael,11
Villepekka,11
Ville-Tapani,11
Ville-Veli,11
Visa-Matti,11
Visar,11
Vsevolod,11
Ykä,11
Younis,11
Yrjänä,11
Zsolt,11
Aapo-Matti,10
Aaret,10
Abdelghani,10
Abdelrahman,10
Abdihamid,10
Abdikani,10
Abdisamad,10
Abdiwali,10
Abdiweli,10
Abdulkarim,10
Adis,10
Aditya,10
Adrián,10
Agon,10
Ajdin,10
Ajmal,10
Akilles,10
Alp,10
Alwar,10
Ameer,10
Amro,10
Anthonio,10
Antti-Ilari,10
Antti-Olli,10
Arham,10
Ari-Tapio,10
Armand,10
Arsalan,10
Arte,10
Arttu-Eemeli,10
Arttu-Oskari,10
Arturo,10
Ashish,10
Ashkan,10
Atik,10
Atte-Oskari,10
Avi,10
Aws,10
Axeli,10
Behnam,10
Bradley,10
Buster,10
Carson,10
Casey,10
Cemil,10
Cyril,10
Danyal,10
Dara,10
Dariush,10
Dawud,10
Deniel,10
Denys,10
Dewin,10
Diako,10
Didier,10
Dimitris,10
Dirk,10
Dominique,10
Drilon,10
Driton,10
Duncan,10
Edison,10
Eelia,10
Eero-Veikko,10
Ege,10
Eh,10
Elio,10
Elvar,10
Emmanuil,10
Emmet,10
Engin,10
Erasmus,10
Erko,10
Erling,10
Eron,10
Esamatti,10
Etvi,10
Fares,10
Flynn,10
Gheorghe,10
Gian,10
Gianluca,10
Gil,10
Giulio,10
Gottfrid,10
Haitham,10
Halid,10
Hamish,10
Hans-Christian,10
Hans-Henrik,10
Hany,10
Hao,10
Harro,10
Hassen,10
Henri-Matias,10
Idiris,10
Inge,10
Islam,10
Isse,10
Jaber,10
Jace,10
Jan-Emil,10
Jan-Gustav,10
Jan-Håkan,10
Jani-Jukka,10
Jani-Kristian,10
Jari-Juha,10
Jarimatti,10
Jasmo,10
Javad,10
Jehki,10
Jian,10
Joackim,10
Jochen,10
Johan-Erik,10
John-Eric,10
Jonne-Pekka,10
Joona-Matias,10
Joosia,10
Jori-Petteri,10
Josu,10
Joutsi,10
Juha-Mikael,10
Juho-Aleksi,10
Jupiter,10
Jusse,10
Jussi-Tuomas,10
Jussi-Ville,10
Jyrki-Pekka,10
Kaimo,10
Kaj-Gustav,10
Kaj-Johan,10
Kalid,10
Kalle-Markus,10
Kambiz,10
Kamu,10
Karar,10
Kari-Veikko,10
Karl-Anders,10
Karl-Gunnar,10
Kebba,10
Krish,10
Krzysztof,10
Lahoucine,10
Lajos,10
Lari-Petteri,10
Lauri-Juhani,10
Lemmi,10
Liius,10
Luiz,10
Lumi,10
Masood,10
Matti-Tapio,10
Matti-Veikko,10
Maximiliam,10
Mazin,10
Melik,10
Merri,10
Mickel,10
Mihai,10
Miika-Matti,10
Miikka-Matias,10
Mika-Tapio,10
Mikko-Jussi,10
Min,10
Moise,10
Mojtaba,10
Mose,10
Mounir,10
Mubarik,10
Muhamet,10
Mykola,10
Nadim,10
Nam,10
Nickolas,10
Niko-Markus,10
Niko-Ville,10
Nio,10
Noe,10
Nooke,10
Nuh,10
Okke,10
Olov,10
Oscari,10
Othman,10
Otto-Eemeli,10
Ozan,10
Pascal,10
Pehr-Olof,10
Petar,10
Petri-Juhani,10
Phoenix,10
Rafi,10
Ramiz,10
Rando,10
Rauf,10
Rebaz,10
Rémi,10
Renas,10
Renat,10
Renato,10
Reo,10
Ridvan,10
Rodin,10
Ronaldo,10
Roopert,10
Ruska,10
Sahand,10
Sai,10
Samba,10
Samueli,10
Santtu-Pekka,10
Sarmad,10
Seán,10
Serafim,10
Sere,10
Sergej,10
Set,10
Shahid,10
Siavash,10
Simo-Heikki,10
Sohaib,10
Sohail,10
Sorjo,10
Stian,10
Suune,10
Sven-Eric,10
Talal,10
Talha,10
Tamim,10
Tapsa,10
Tedi,10
Tomi-Matti,10
Topi-Pekka,10
Torkel,10
Tudor,10
Ukkopekka,10
Umberto,10
Usman,10
Valdo,10
Waldo,10
Vallu,10
Warren,10
Wasim,10
Vassili,10
Veli-Tuomas,10
Wen,10
Verni,10
Vesa-Mikko,10
Vesa-Valtteri,10
Wilfred,10
Will,10
Ville-Martti,10
Vincenzo,10
Wojciech,10
Yacqub,10
Yavuz,10
Yigit,10
Youness,10
Yussuf,10
Zafer,10
Zein,10
Örjan,10
Aavo,9
Abaas,9
Abdelhamid,9
Abdelkrim,9
Abdirisaaq,9
Abdulhakim,9
Afshin,9
Alexej,9
Alfie,9
Amaar,9
Amor,9
Anatolij,9
Anes,9
Angus,9
Anse,9
Anssi-Petteri,9
Antti-Olavi,9
Apollo,9
Ari-Antti,9
Ari-Tapani,9
Ari-Veli,9
Armaan,9
Arnaud,9
Arslan,9
Ashton,9
Astrit,9
Atte-Pekka,9
Augustine,9
Auri,9
Auro,9
Ayaan,9
Ayaz,9
Batu,9
Benno,9
Blendi,9
Bobby,9
Bo-Gustav,9
Bojan,9
Boy,9
Brett,9
Caner,9
Carl-Anders,9
Carl-Michael,9
Carl-Wilhelm,9
Chia,9
Christo,9
Cihan,9
Claës,9
Cornelis,9
Dai,9
Dang,9
Dardan,9
Daris,9
Dastan,9
Davood,9
Deniss,9
Denny,9
Devran,9
Dogan,9
Ed,9
Eemin,9
Ehab,9
Eijo,9
Elie,9
Elmar,9
Emeka,9
Erdi,9
Erhan,9
Erjo,9
Erjon,9
Erki,9
Ersin,9
Esat,9
Esa-Tapio,9
Esa-Ville,9
Etienne,9
Eymen,9
Fahri,9
Falah,9
Fardin,9
Fiilus,9
Filiph,9
Fjodor,9
Florim,9
Frédéric,9
Fridolf,9
Friedrich,9
Gábor,9
Gonzalo,9
Grant,9
Grim,9
Guy-Erik,9
Hakon,9
Hamidullah,9
Hamit,9
Hannu-Tapio,9
Harley,9
Harras,9
Haval,9
Heikka,9
Heikki-Jussi,9
Hristo,9
Huner,9
Ihab,9
Iisai,9
Ike,9
Iker,9
Iku,9
Ile,9
Ilija,9
Jaarli,9
Jafet,9
Jallu,9
Jame,9
Jamo,9
Jamshid,9
Jani-Juhani,9
Jani-Tapani,9
Janne-Mikael,9
Janne-Veikko,9
János,9
Jari-Ville,9
Jarno-Petteri,9
Jassu,9
Jean-Paul,9
Jere-Juhani,9
Jeremie,9
Jermo,9
Jerzy,9
Jesse-Matias,9
Jhonny,9
Joaquin,9
Jorgos,9
Juha-Martti,9
Juha-Tapani,9
Juha-Tuomas,9
Juho-Eemeli,9
Jussimatti,9
Juuso-Matias,9
Kaito,9
Kaleb,9
Karan,9
Kari-Antti,9
Kari-Markus,9
Karimatti,9
Karl-Axel,9
Karl-Mikael,9
Keanu,9
Kim-Kristian,9
Kimmo-Petteri,9
Kimo,9
Kim-Peter,9
Kiran,9
Klaus-Erik,9
Knuutti,9
Lahcen,9
Lamine,9
Lance,9
Lars-Ove,9
Lasse-Matti,9
Lauri-Kalle,9
Lei,9
Leonhard,9
Leslie,9
Liekki,9
Luciano,9
Lucius,9
Luigi,9
Majed,9
Manoj,9
Mara,9
Marcell,9
Mardin,9
Master,9
Matjus,9
Mats-Johan,9
Matti-Oskari,9
Mazen,9
Merlin,9
Micu,9
Miica,9
Mika-Antti,9
Mika-Tapani,9
Mikhael,9
Mikk,9
Mikko-Samuli,9
Mikko-Tapio,9
Miko-Matias,9
Mirac,9
Mirwais,9
Miska-Matias,9
Mokhtar,9
Mortaza,9
Muamer,9
Nassim,9
Nataniel,9
Nero,9
Nesta,9
Nhut,9
Niikka,9
Niikko,9
Niko-Joonas,9
Oleksi,9
Oleksiy,9
Oliveri,9
Olli-Eemeli,9
Olli-Jukka,9
Olli-Kalle,9
Olli-Tapio,9
Olliver,9
Orlando,9
Otis,9
Otto-Petteri,9
Otto-Wille,9
Owe,9
Pa,9
Parviz,9
Pasi-Petri,9
Pauli-Petteri,9
Petri-Mikael,9
Petrit,9
Preston,9
Puja,9
Quinn,9
Rae,9
Rama,9
Ramil,9
Ramy,9
Ranjit,9
Rasim,9
Recep,9
Reinhold,9
Rejan,9
Reto,9
Rhys,9
Ricu,9
Riho,9
Riley,9
Rollo,9
Roni-Petteri,9
Rymy,9
Ryszard,9
Saber,9
Sajad,9
Sakarie,9
Samet,9
Sami-Seppo,9
Samu-Matias,9
Sanjay,9
Santi,9
Sardar,9
Saulo,9
Saulus,9
Saw,9
Saveli,9
Shahzad,9
Sidar,9
Silvio,9
Simo-Matti,9
Simone,9
Simo-Santeri,9
Sindre,9
Skender,9
Soner,9
Stig-Ole,9
Storm,9
Sultan,9
Suman,9
Svantte,9
Sven-Ole,9
Tatu-Petteri,9
Teljo,9
Teoman,9
Tero-Jukka,9
Thobias,9
Tibor,9
Tiger,9
Timon,9
Timo-Veikko,9
Timy,9
Tin,9
Tini,9
Tio,9
Tobia,9
Tom-Henrik,9
Tom-Johan,9
Tom-Peter,9
Torleif,9
Tung,9
Uchenna,9
Vasileios,9
Vasilios,9
Wayne,9
Veiko,9
Veli-Seppo,9
Wellu,9
Vi,9
Widar,9
Vikko,9
Viktori,9
Vilbert,9
Wilbert,9
Vilkko,9
Ville-Erik,9
Villemarkus,9
Vilmo,9
Vilperi,9
Vilpo,9
Wing,9
Yasar,9
Yazan,9
Yll,9
Ylli,9
Yoel,9
Yusif,9
Zachris,9
Zakhar,9
Zander,9
Zoltan,9
Zubeyr,9
Aadel,8
Aadi,8
Aato,8
Aatu-Eemeli,8
Abdelmalek,8
Abderrahman,8
Abdihakin,8
Abdikariim,8
Abdikarin,8
Abdimaalik,8
Abdiwahab,8
Abdou,8
Abdoulaye,8
Abdulfatah,8
Abdulmalik,8
Abedin,8
Ade,8
Adham,8
Admir,8
Aki-Ville,8
Alexios,8
Alexsander,8
Alpha,8
An,8
Andri,8
Anel,8
Angelos,8
Anik,8
Anouar,8
Ánte,8
Anttijuhani,8
Antti-Sakari,8
Aref,8
Arimatti,8
Arjan,8
Arnav,8
Arttu-Matti,8
Atakan,8
Atef,8
Athanasios,8
Augusti,8
Augusto,8
Aurel,8
Ayan,8
Ayden,8
Azhar,8
Bahri,8
Bakary,8
Bart,8
Basri,8
Belal,8
Ben-Erik,8
Berkan,8
Bile,8
Binh,8
Bo-Anders,8
Bo-Gunnar,8
Brayan,8
Callum,8
Carl-Anton,8
Carl-Emil,8
Carl-Victor,8
Carol,8
Casperi,8
Celal,8
Chan,8
Chau,8
Collins,8
Cyrus,8
Daniar,8
Dawit,8
Davut,8
Declan,8
Deepak,8
Dejan,8
Deng,8
Denzel,8
Didar,8
Dijar,8
Domenico,8
Durim,8
Edouard,8
Eewert,8
Efosa,8
Eino-Veikko,8
Eka,8
Elmi,8
Elmin,8
Emel,8
Emerson,8
Emilian,8
Emmanouil,8
Erdem,8
Ergin,8
Eris,8
Erkki-Juhani,8
Esa-Heikki,8
Esam,8
Esmail,8
Essa,8
Evgenij,8
Ezekiel,8
Farouk,8
Farshad,8
Fazel,8
Fenix,8
Ferit,8
Fevzi,8
Filemon,8
Fisnik,8
Flamur,8
Flavio,8
Franck,8
Gaurav,8
Gay,8
Gezim,8
Giacomo,8
Gino,8
Gregor,8
Haaruun,8
Hakki,8
Hannu-Petteri,8
Hanssi,8
Harri-Matti,8
Harvey,8
Hashem,8
Hayrettin,8
Hemen,8
Henri-Petteri,8
Hoai,8
Htoo,8
Hunar,8
Iakov,8
Idan,8
Ilai,8
Illi,8
Ilyes,8
Iosif,8
Iro,8
Isam,8
Jaabir,8
Jaakko-Ilkka,8
Jaakko-Petteri,8
Jaapo,8
Jael,8
Jan-Fredrik,8
Janne-Joonas,8
Jan-Ola,8
Jan-Olav,8
Jan-Stefan,8
Jari-Tapani,8
Jarkka,8
Jarl-Olof,8
Jaroel,8
Jawad,8
Jemil,8
Jere-Joonas,8
Jericho,8
Jermi,8
Jesaja,8
Jihad,8
Jofiel,8
Johnnie,8
Johnson,8
Jolle,8
Joonis,8
Juho-Joonas,8
Juho-Kustaa,8
Juho-Veikko,8
Jukka-Antero,8
Jussi-Antti,8
Jussi-Matias,8
Jyri-Jukka,8
Jöran,8
Kadri,8
Kais,8
Kaj-Gunnar,8
Kaj-Håkan,8
Kaj-Ole,8
Kalle-Heikki,8
Kari-Petri,8
Karl-Kristian,8
Karsten,8
Kendrick,8
Kero,8
Khalif,8
Kid,8
Kimon,8
Ko,8
Kofi,8
Konni,8
Kosar,8
Kwame,8
Köpi,8
Labinot,8
Larbi,8
Lars-Christian,8
Lars-Mikael,8
Lenno,8
Leone,8
Levent,8
Levente,8
Lorens,8
Lucian,8
Luqmaan,8
Madis,8
Malakai,8
Malick,8
Maltti,8
Mani,8
Marino,8
Martti-Mikael,8
Marttin,8
Matej,8
Mateusz,8
Mathieu,8
Mattus,8
Matvej,8
Maximo,8
Micha,8
Mihalis,8
Mihkal,8
Mihkku,8
Miika-Petteri,8
Mikaël,8
Mika-Kristian,8
Mikka,8
Mikolas,8
Miksu,8
Milco,8
Mille,8
Milon,8
Milot,8
Miro-Markus,8
Mixu,8
Mohamed-Amin,8
Mohanad,8
Monir,8
Mosku,8
Mucaad,8
Muhanad,8
Murtaza,8
Muse,8
Muzaffer,8
Naatan,8
Nahom,8
Najiib,8
Nante,8
Nazmi,8
Nehat,8
Neko,8
Nenad,8
Nermin,8
Nevzat,8
Nexhat,8
Nicolae,8
Niilo-Pekka,8
Niklaus,8
Niko-Kristian,8
Niko-Matias,8
Nils-Henrik,8
Noak,8
Nuuk,8
Nyrki,8
Olli-Markus,8
Olli-Petri,8
Omran,8
Onnimanni,8
Onni-Petteri,8
Oren,8
Oswald,8
Papu,8
Patryk,8
Pau,8
Pave,8
Peetro,8
Pena,8
Perry,8
Petka,8
Peyman,8
Phuong,8
Pyry-Matti,8
Quy,8
Raad,8
Radu,8
Raido,8
Raj,8
Rasoul,8
Raúl,8
Rawand,8
Rayen,8
Reemus,8
Reno,8
Resul,8
Roald,8
Roby,8
Rolf-Erik,8
Sabit,8
Saed,8
Saikou,8
Saleem,8
Salu,8
Sami-Juhani,8
Sami-Kalle,8
Sami-Markus,8
Samsa,8
Sandeep,8
Sangar,8
Sarno,8
Saro,8
Sasu-Pekka,8
Sayd,8
Sebastián,8
Selahattin,8
Sero,8
Seyyed,8
Shadi,8
Sharmake,8
Sidi,8
Sigvald,8
Slava,8
Stanislaw,8
Sten-Erik,8
Suheib,8
Sven-Åke,8
Svyatoslav,8
Taner,8
Tare,8
Taulant,8
Tayfun,8
Teim,8
Tero-Tapani,8
Tex,8
Thim,8
Thony,8
Timo-Tuomas,8
Tomme,8
Tom-Mikael,8
Tomppa,8
Ton,8
Tor-Leif,8
Tyrsky,8
Tyyko,8
Uku,8
Ulf-Göran,8
Uri,8
Urim,8
Wahid,8
Walde,8
Walentin,8
Walto,8
Waqas,8
Veele,8
Veli-Mies,8
Veton,8
Villehard,8
Ville-Jaakko,8
Willi,8
Vilppo,8
Vinnie,8
Visa-Valtteri,8
Vlad,8
Voldemar,8
Xhevdet,8
Yassir,8
Yohannes,8
Yrjö-Pekka,8
Zackarias,8
Zahir,8
Zebastian,8
Zeki,8
Ziyad,8
Aamir,7
Aarav,7
Aaro-Matti,7
Aaroni,7
Abdelhakim,7
Abdeljalil,7
Abdelmajid,7
Abdigani,7
Abdilahi,7
Abdinur,7
Abdisamed,7
Abdulwahid,7
Adonis,7
Áilu,7
Alar,7
Ales,7
Allen,7
Amani,7
Amarjit,7
Anand,7
Anastasios,7
Anian,7
Ansel,7
Antonin,7
Antti-Kustaa,7
Antti-Tuomas,7
Apostolos,7
Arafat,7
Arbër,7
Ardi,7
Argjend,7
Aria,7
Ari-Kalle,7
Ari-Seppo,7
Arje,7
Arkko,7
Armen,7
Arpo,7
Arttu-Ville,7
Asaf,7
Asil,7
Atanas,7
Ato,7
Atticus,7
Aviel,7
Aymen,7
Ayrton,7
Azizullah,7
Babatunde,7
Baboucarr,7
Balázs,7
Bao,7
Benedikt,7
Bengt-Johan,7
Benn,7
Bent,7
Bernardo,7
Bishal,7
Blend,7
Bleron,7
Boes,7
Botond,7
Burim,7
Cédric,7
César,7
Chung,7
Claes-Göran,7
Claes-Henrik,7
Clas-Erik,7
Coskun,7
Cumhur,7
Curtis,7
Darko,7
Davud,7
Deeq,7
Domenic,7
Domi,7
Donat,7
Doron,7
Edson,7
Eedvin,7
Eelon,7
Eemili,7
Eemos,7
Eenok,7
Efim,7
Egert,7
Eicca,7
Eitan,7
Ejvind,7
Ekko,7
Eldin,7
Elisei,7
Enoch,7
Erdogan,7
Erik-Mikael,7
Ermin,7
Esa-Jukka,7
Esa-Mikko,7
Esko-Juhani,7
Esko-Matti,7
Ezel,7
Faik,7
Farhaan,7
Fatlum,7
Feeti,7
Ferid,7
Fuat,7
Fynn,7
Gene,7
Gentrit,7
Gerd,7
Gianni,7
Grigorii,7
Günter,7
Haarun,7
Halvar,7
Hannu-Tapani,7
Harding,7
Haroon,7
Hasen,7
Hatem,7
Hazar,7
Hazem,7
Heikki-Mikael,7
Heka,7
Hemn,7
Henryk,7
Hesham,7
Hille,7
Hilpi,7
Hjalte,7
Hugh,7
Hussam,7
Iain,7
Iason,7
Ifeanyi,7
Iika,7
Iiro-Matti,7
Iiska,7
Ilian,7
Ilker,7
Ilkka-Christian,7
Ilkka-Matti,7
Ilkka-Tapio,7
Imer,7
Ingo,7
Istvan,7
Iyad,7
Izet,7
Jaakkima,7
Jacek,7
Jahangir,7
Jakim,7
Jan-Juhani,7
Janne-Kalle,7
Jan-Otto,7
Jan-Petteri,7
Jan-Robert,7
Jarke,7
Jarkko-Petteri,7
Jarmo-Juhani,7
Jarne,7
Jarno-Pekka,7
Jaspar,7
Jean-Erik,7
Jere-Markus,7
Jerico,7
Jia,7
Jiri-Pekka,7
Joey,7
Jones,7
Joni-Jussi,7
Jonis,7
Joppe,7
Joris,7
Josep,7
Jouni-Petteri,7
Joy,7
Juha-Matias,7
Juha-Pentti,7
Juho-Erkki,7
Jukka-Sakari,7
Jukka-Veikko,7
Jukka-Veli,7
Jukka-Ville,7
Juli,7
Jussi-Tapio,7
Jussi-Veikko,7
Kaamos,7
Kaarel,7
Kadar,7
Kai-Henrik,7
Kain,7
Kaj-Christian,7
Kalev,7
Kalle-Matias,7
Kamaran,7
Kamel,7
Kane,7
Kari-Erik,7
Karl-Emil,7
Karl-Göran,7
Kasra,7
Kazi,7
Kemo,7
Kim-Mikael,7
Kjell-Ove,7
Knuut,7
Kolja,7
Kosmos,7
Kuu,7
Kyrö,7
Kössi,7
Lauri-Matias,7
Lauri-Petteri,7
Laurus,7
Leewi,7
Leevi-Kalle,7
Leif-Johan,7
Lembit,7
Leo-Petteri,7
Levin,7
Loimu,7
Loki,7
Long,7
Lore,7
Maciej,7
Maco,7
Mahesh,7
Majd,7
Maksimus,7
Manolis,7
Mansoor,7
Matheus,7
Mats-Peter,7
Matti-Eemeli,7
Matti-Veli,7
Maximilien,7
Max-Mikael,7
Mehrdad,7
Melih,7
Michalis,7
Mihály,7
Miikka-Markus,7
Miikka-Pekka,7
Miikka-Petteri,7
Mika-Matias,7
Mika-Veli,7
Mikkal,7
Mikko-Aleksi,7
Miklo,7
Miko-Matti,7
Miliam,7
Miljo,7
Miro-Pekka,7
Mitchell,7
Mohamedamiin,7
Moris,7
Mouhamed,7
Muhammet,7
Mujtaba,7
Muktar,7
Muniir,7
Mursal,7
Muuse,7
Myytti,7
Namo,7
Nana,7
Nate,7
Nemanja,7
Nicodemus,7
Nidal,7
Nikhil,7
Nikla,7
Niko-Aleksi,7
Niko-Oskari,7
Nir,7
Nirmal,7
Nuuh,7
Odd,7
Odert,7
Oguz,7
Oka,7
Okku,7
Olli-Matias,7
Olli-Sakari,7
Olli-Veikka,7
Oras,7
Orjo,7
Orvar,7
Oski,7
Otto-Elias,7
Oumar,7
Ozzy,7
Paavo-Petteri,7
Pan,7
Pasi-Heikki,7
Pasi-Jukka,7
Patricio,7
Peetter,7
Per-Ola,7
Per-Ove,7
Phong,7
Piera,7
Priit,7
Putte,7
Qasim,7
Rabah,7
Raffaele,7
Ragip,7
Raja,7
Rakesh,7
Rami-Petteri,7
Ramyar,7
Ran,7
Rauli-Pekka,7
Rayane,7
Reemi,7
Reinhard,7
Reipas,7
Renee,7
Rey,7
Rezgar,7
Ridha,7
Riku-Antti,7
Riza,7
Rizgar,7
Róbert,7
Rodolfo,7
Rohit,7
Roma,7
Romet,7
Roniel,7
Rron,7
Russell,7
Rustam,7
Ruurik,7
Ryder,7
Saban,7
Safa,7
Sahil,7
Sainey,7
Sajjad,7
Sakariya,7
Sakkeus,7
Samatar,7
Sami-Heikki,7
Sami-Mikael,7
Samipekka,7
Samvel,7
Sandy,7
Sanfrid,7
Santtu-Matti,7
Saroj,7
Sauvo,7
Savas,7
Seamus,7
Sefer,7
Senol,7
Sergii,7
Serko,7
Shah,7
Shahab,7
Shakir,7
Shay,7
Shefqet,7
Shukri,7
Si,7
Simen,7
Simo-Samuli,7
Simo-Veikko,7
Sipri,7
Soren,7
Soroush,7
Soufiane,7
Steffan,7
Stenka,7
Suat,7
Subhan,7
Suhayb,7
Sulayman,7
Sumit,7
Sven-Gustav,7
Sylvesteri,7
Søren,7
Tadeusz,7
Taim,7
Taku,7
Tareq,7
Tarkan,7
Taylor,7
Teemu-Tapio,7
Teino,7
Teno,7
Theodoros,7
Thor-Björn,7
Timofej,7
Timo-Petri,7
Timo-Ville,7
Tomi-Juhani,7
Tomi-Jussi,7
Toni-Ville,7
Topi-Petteri,7
Tyr,7
Ulf-Peter,7
Vaatu,7
Valerian,7
Wali,7
Wallu,7
Valton,7
Valtu,7
Vantte,7
Vasilii,7
Venkata,7
Vesa-Jaakko,7
Vesa-Juhani,7
Vesa-Markus,7
Wiking,7
Vikki,7
Wilgot,7
Vili-Eemeli,7
Vili-Matti,7
Vilius,7
Vilkku,7
Ville-Henrik,7
Ville-Pentti,7
Ville-Verneri,7
Willjam,7
Villy,7
Win,7
Vinsent,7
Voltti,7
Wyatt,7
Xhavit,7
Yi,7
Ylber,7
Yonas,7
Yoni,7
Yunis,7
Yuval,7
Yves,7
Zane,7
Zayd,7
Zeid,7
Zeljko,7
Ziggy,7
A,6
Aage,6
Aahil,6
Aamo,6
Aapa,6
Aapel,6
Aarón,6
Aatu-Oskari,6
Aayan,6
Abdelhak,6
Abderahman,6
Abdihakiim,6
Abdijabar,6
Abdiladif,6
Abdirashiid,6
Abdirazak,6
Abdisalaan,6
Abdisalan,6
Abdishakuur,6
Abdollah,6
Abdulmajid,6
Abdurrahim,6
Abram,6
Abubakr,6
Achraf,6
Acke,6
Adama,6
Adriatik,6
Age,6
Agust,6
Ahad,6
Ahmednur,6
Aidin,6
Aivo,6
Ajay,6
Akar,6
Aki-Juhani,6
Aki-Markus,6
Akin,6
Akipekka,6
Aku-Kimmo,6
Aku-Oskari,6
Aland,6
Aldur,6
Aleksandre,6
Alem,6
Alexanteri,6
Aliaksandr,6
Alim,6
Alistair,6
Almer,6
Almin,6
Alonso,6
Amanj,6
Amanuel,6
Amiel,6
Anssi-Jukka,6
Antonius,6
Antrei,6
Antti-Aleksi,6
Antti-Eemil,6
Antti-Ilmari,6
Antti-Juhana,6
Antti-Markus,6
Anttimatti,6
Anttony,6
Aramis,6
Archie,6
Arhippa,6
Ari-Kristian,6
Ari-Markus,6
Ari-Mikael,6
Arjun,6
Arndt,6
Aros,6
Arran,6
Arseniy,6
Arshan,6
Arssi,6
Artemiy,6
Arttu-Petteri,6
Arvind,6
Ashley,6
Asif,6
Asim,6
Atte-Petteri,6
Atte-Ville,6
Aulo,6
Awat,6
Aweys,6
Aviv,6
Ayanle,6
Aye,6
Bach,6
Bai,6
Bailey,6
Balen,6
Barzan,6
Basim,6
Batuhan,6
Behrouz,6
Bengt-Göran,6
Benito,6
Bero,6
Bishnu,6
Bo-Eric,6
Bo-Håkan,6
Bo-Johan,6
Bora,6
Boran,6
Borhan,6
Bouchaib,6
Brendon,6
Byron,6
Carel,6
Carl-Peter,6
Carmelo,6
Cenneth,6
Cheng,6
Chidi,6
Chukwuemeka,6
Ciprian,6
Clark,6
Clas-Henrik,6
Cliff,6
Clifford,6
Constantinos,6
Cristoffer,6
Daani,6
Dalmar,6
Dane,6
Dan-Mikael,6
Danne,6
Dan-Olof,6
Daryl,6
Daryoush,6
Davinder,6
Dawood,6
Devid,6
Dieter,6
Dillon,6
Djamel,6
Dler,6
Donny,6
Donovan,6
Drin,6
Duong,6
Ebbot,6
Ebou,6
Edip,6
Edoardo,6
Edric,6
Edvi,6
Eedi,6
Eepo,6
Eepu,6
Eero-Antti,6
Eero-Heikki,6
Eero-Juhani,6
Eero-Matias,6
Eetu-Kalle,6
Eino-Matti,6
Eko,6
Elmedin,6
Eloi,6
Emirhan,6
Enki,6
Ennio,6
Enno,6
Enrik,6
Enssi,6
Eppu-Oskari,6
Erblin,6
Erkka-Ville,6
Ermal,6
Ermias,6
Ermir,6
Eros,6
Erto,6
Esad,6
Esa-Veikko,6
Esko-Pekka,6
Essam,6
Ewald,6
Evans,6
Even,6
Evren,6
Fadhil,6
Fahd,6
Faiz,6
Farshid,6
Fawzi,6
Festus,6
Flego,6
Foad,6
Fuaad,6
Gentian,6
Ghaith,6
Giancarlo,6
Gianmarco,6
Gilad,6
Giorgos,6
Graeme,6
Gusten,6
Günther,6
Gzim,6
Haashim,6
Hakeem,6
Haki,6
Halmat,6
Hameed,6
Hammad,6
Hans-Mikael,6
Harri-Juhani,6
Harri-Petteri,6
Harri-Tapio,6
Hassane,6
Heikki-Petteri,6
Heikki-Veli,6
Heiko,6
Henok,6
Henri-Markus,6
Hersh,6
Hesse,6
Hilmi,6
Holden,6
Hossam,6
Hozan,6
Huvi,6
Iaroslav,6
Ibragim,6
Idor,6
Ignacio,6
Ignat,6
Iise,6
Iivu,6
Ikechukwu,6
Ildar,6
Inti,6
Ira,6
Iraj,6
Ishan,6
Ishaq,6
Isman,6
Jaakko-Veikko,6
Jaaro,6
Jabbar,6
Jackie,6
Jacky,6
Jahje,6
Jammu,6
Jan-Daniel,6
Jani-Aleksi,6
Jani-Erik,6
Jani-Henrik,6
Jani-Tapio,6
Janiv,6
Jan-Marcus,6
Janne-Jukka,6
Janne-Kristian,6
Janne-Matias,6
Janne-Tapio,6
Jannu,6
Jan-Petter,6
Jarel,6
Jari-Seppo,6
Jari-Vesa,6
Jarkko-Matti,6
Jaser,6
Jasi,6
Jassin,6
Jatro,6
Jean-Peter,6
Jean-Pierre,6
Jeehu,6
Jehu,6
Jekku,6
Jere-Kristian,6
Jérémie,6
Jeroen,6
Jesse-Joonatan,6
Jesse-Julius,6
Jin,6
Johan-Henrik,6
John-Peter,6
Jokko,6
Jón,6
Joni-Mikko,6
Joni-Oskari,6
Joni-Ville,6
Joona-Aleksi,6
Joona-Mikael,6
Joona-Oskari,6
Jordi,6
Jose-Pekka,6
Jouni-Tapio,6
József,6
Juho-Eerik,6
Juho-Markus,6
Juho-Olli,6
Juho-Perttu,6
Juho-Petri,6
Juho-Santeri,6
Juho-Valtteri,6
Juice,6
Julias,6
Junes,6
Jusif,6
Jussi-Eemeli,6
Juuda,6
Juuso-Matti,6
Juuso-Ville,6
Jyri-Ville,6
Kaarl,6
Kabir,6
Kacper,6
Kael,6
Kaido,6
Kai-Heikki,6
Kaj-Göran,6
Kaj-Markus,6
Kali,6
Kalle-Aleksi,6
Kallepekka,6
Kara,6
Karen,6
Kari-Antero,6
Kari-Heikki,6
Kari-Veli,6
Karl-August,6
Karl-Eric,6
Kassius,6
Kaur,6
Kaya,6
Kayden,6
Kazim,6
Khanh,6
Kimi-Petteri,6
Kin,6
Kjell-Johan,6
Klaes,6
Klaus-Peter,6
Kreshnik,6
Kujtim,6
Kuldeep,6
Kyaw,6
Landon,6
Lari-Markus,6
Lars-Gunnar,6
Lars-Gustav,6
Lassi-Matias,6
Lassi-Petteri,6
Laszlo,6
Lauri-Veikko,6
Lawand,6
Lawi,6
Layth,6
Leevi-Eemeli,6
Leifi,6
Leutrim,6
Levon,6
Lian,6
Liang,6
Liiam,6
Lo,6
Loa,6
Loghman,6
Lokman,6
Lorent,6
Lucien,6
Lukman,6
Ly,6
Lyon,6
Mac,6
Mael,6
Maël,6
Magdi,6
Magomed,6
Mahamuud,6
Maikel,6
Maksimilian,6
Manjit,6
Markku-Tapio,6
Marten,6
Martino,6
Márton,6
Martti-Juhani,6
Maslah,6
Matan,6
Mathew,6
Matz,6
Maunus,6
Mauri-Antero,6
Mauri-Pekka,6
Maurizio,6
MD.,6
Mervan,6
Mesfin,6
Metehan,6
Mido,6
Mihael,6
Miikku,6
Miikus,6
Mijo,6
Mika-Antero,6
Mikko-Heikki,6
Mikko-Johannes,6
Mikko-Markus,6
Miko-Markus,6
Miko-Petteri,6
Mikos,6
Mirek,6
Miroel,6
Misko,6
Mladen,6
Mousa,6
Muntadar,6
Muqtar,6
Mus'ab,6
Naattan,6
Nabaz,6
Naeem,6
Nasri,6
Natthaphon,6
Nazir,6
Nevin,6
Niall,6
Nicki,6
Nicolaus,6
Nico-Pekka,6
Nigel,6
Nihad,6
Niiko,6
Nik,6
Niko-Juhani,6
Niko-Mikael,6
Niko-Teemu,6
Nil,6
Nils-Christian,6
Nils-Emil,6
Nils-Åke,6
Nuri,6
Obi,6
Oguzhan,6
Oisín,6
Okko-Pekka,6
Olai,6
Olaus,6
Olli-Jaakko,6
Olli-Tuomas,6
Olti,6
Omed,6
Onni-Elias,6
Onni-Ville,6
Ontrei,6
Orges,6
Orson,6
Osmi,6
Otro,6
Otto-Aleksi,6
Ottu,6
Oula-Antti,6
Oussama,6
Outa,6
Paris,6
Pauli-Pekka,6
Payman,6
Pekka-Eemeli,6
Pekka-Veikko,6
Pekki,6
Peppe,6
Perparim,6
Petri-Tapani,6
Pouya,6
Pål,6
Pär-Olof,6
Qendrim,6
Quentin,6
Rabi,6
Rabih,6
Radi,6
Raheem,6
Raid,6
Raif,6
Railo,6
Rajesh,6
Ralf-Erik,6
Rana,6
Rashad,6
Rasheed,6
Raune,6
Rayyan,6
Redon,6
Redouane,6
Rento,6
Repo,6
Rifat,6
Rikhart,6
Rikke,6
Riku-Jussi,6
Riku-Matias,6
Riku-Oskari,6
Rober,6
Roberth,6
Rock,6
Roel,6
Rohat,6
Ronie,6
Ronin,6
Ronn,6
Roo,6
Routa,6
Rowan,6
Rubén,6
Rubin,6
Ruuno,6
Saadaq,6
Sadri,6
Safi,6
Sagar,6
Sager,6
Sahal,6
Saied,6
Sajid,6
Samil,6
Sami-Tapio,6
Samuil,6
Sanel,6
Santosh,6
Saqib,6
Sasan,6
Sasu-Matti,6
Sasu-Petteri,6
Seid,6
Seikko,6
Sercan,6
Severin,6
Severus,6
Seydou,6
Shafici,6
Shahriar,6
Shahrokh,6
Shalom,6
Shamil,6
Sherzad,6
Shorsh,6
Signar,6
Simppa,6
Sipo,6
Sky,6
Slawomir,6
Smail,6
Sofian,6
Sol,6
Son,6
Sorri,6
Sri,6
Stellan,6
Stig-Björn,6
Stig-Johan,6
Stiven,6
Sturle,6
Suad,6
Suleymaan,6
Suresh,6
Sven-Göran,6
Tal,6
Tamir,6
Tammi,6
Tanveer,6
Teemu-Santeri,6
Teiko,6
Téo,6
Tervo,6
Tesfaye,6
Tewodros,6
Thamer,6
Than,6
Thierry,6
Thilo,6
Thom,6
Tian,6
Tiikka,6
Tiit,6
Timmie,6
Timmo,6
Timo-Antti,6
Timo-Mikko,6
Tolga,6
Tom-Christian,6
Tomi-Kristian,6
Tomi-Petri,6
Tomi-Tapio,6
Tong,6
Toni-Tapani,6
Tor-Alf,6
Toto,6
Troi,6
Tuhto,6
Tuncay,6
Turgay,6
Ty,6
Ukko-Matti,6
Valmir,6
Waltti,6
Vasko,6
Wassim,6
Veeti-Viljami,6
Veli-Sakari,6
Venner,6
Vento,6
Wesa,6
Vesa-Jussi,6
Vesa-Markku,6
Vesapekka,6
Vesse,6
Vesteri,6
Wilde,6
Vili-Santeri,6
Vili-Waltteri,6
Vilke,6
Ville-Petri,6
Ville-Santeri,6
Ville-Vertti,6
Willie,6
Vilpertti,6
Vince,6
Vittorio,6
Vivek,6
Väinä,6
Väinö-Valtteri,6
Yang,6
Yani,6
Yashar,6
Yasiin,6
Yazid,6
Yong,6
Yunes,6
Zach,6
Zagros,6
Zahid,6
Zaman,6
Zbigniew,6
Zeeshan,6
Önder,6
Özkan,6
Aadan,5
Aarush,5
Aayush,5
Abdala,5
Abdelhafid,5
Abdelilah,5
Abderrazak,5
Abdifitah,5
Abdikafi,5
Abdiqadar,5
Abdi-Rahman,5
Abdirizaq,5
Abdiwahid,5
Abdulgadir,5
Abdulhamid,5
Abdul-Malik,5
Abduqadir,5
Abdurahim,5
Abed,5
Abid,5
Abiodun,5
Abrar,5
Abubacarr,5
Abul,5
Ádám,5
Adebayo,5
Adekunle,5
Adeola,5
Adeyemi,5
Adib,5
Adin,5
Adnane,5
Ado,5
Adriel,5
Adyan,5
Afonso,5
Ain,5
Aitor,5
Akeem,5
Akito,5
Ákos,5
Aku-Joonas,5
Aku-Kalle,5
Aku-Matias,5
Aladin,5
Alden,5
Aleksandrs,5
Aleksi-Matias,5
Alo,5
Amandeep,5
Amed,5
Ammaar,5
Ana,5
Anass,5
Ánde,5
Andras,5
Andrè,5
Andrian,5
Andro,5
Anish,5
Anna,5
Anri,5
Ansumana,5
Antar,5
Anteri,5
Anthoni,5
António,5
Antro,5
Ants,5
Antti-Johannes,5
Antti-Kalle,5
Antti-Tapani,5
Anup,5
Ardalan,5
Arel,5
Arianit,5
Arie,5
Ari-Jaakko,5
Arijan,5
Arik,5
Ari-Kalevi,5
Arkady,5
Arnel,5
Árpád,5
Arti,5
Arto-Matti,5
Artour,5
Asadullah,5
Ashok,5
Ashwin,5
Ask,5
Askhab,5
Asko-Pekka,5
Athos,5
Atif,5
Atte-Eemeli,5
Atti,5
Atto,5
Augustus,5
Auli,5
Aung,5
Auron,5
Aus,5
Ayaanle,5
Ayham,5
Aykut,5
Ayyub,5
Azzeddine,5
Bakari,5
Barnabas,5
Basir,5
Bedirhan,5
Benaja,5
Bence,5
Beniamin,5
Berndt-Johan,5
Besian,5
Besmir,5
Bewar,5
Bijan,5
Birol,5
Bjorn,5
Bleon,5
Bo-Christer,5
Bo-Henrik,5
Bowen,5
Brent,5
Bror-Åke,5
Cahit,5
Caijus,5
Caio,5
Caj-Erik,5
Carl-Oskar,5
Carl-Otto,5
Cassius,5
Cayden,5
Chandra,5
Charl,5
Chibuike,5
Chidera,5
Chimezie,5
Chinedum,5
Chol,5
Christiano,5
Chun,5
Cimraan,5
Clarence,5
Clas-Åke,5
Clayton,5
Clement,5
Cristofer,5
Cuong,5
Dalton,5
Damiel,5
Danijel,5
Danyel,5
Dat,5
Dawda,5
Davit,5
Di,5
Diamant,5
Diler,5
Dimitrij,5
Doan,5
Donart,5
Dony,5
Dragan,5
Dren,5
Dustin,5
Edel,5
Edu,5
Eelu,5
Eero-Oskari,5
Eetu-Eemeli,5
Eetu-Matias,5
Eetu-Mikael,5
Eetu-Valtteri,5
Eino-Olli,5
Eino-Ville,5
Eke,5
Eliahu,5
Elija,5
Elvedin,5
Eman,5
Emanuele,5
Emilien,5
Endel,5
Ender,5
Endi,5
Ephraim,5
Eppe,5
Era,5
Eran,5
Erkki-Sakari,5
Erni,5
Ervi,5
Esa-Juhani,5
Esa-Veli,5
Eugenij,5
Eyman,5
Eyob,5
Eyolf,5
Eyüp,5
Fabien,5
Fady,5
Fahrudin,5
Farbod,5
Faustin,5
Fazal,5
Fedi,5
Femi,5
Feng,5
Festim,5
Fethi,5
Fidaim,5
Filippos,5
Frans-Eemil,5
Frans-Oscar,5
Frederic,5
Frejvid,5
Frits,5
Frode,5
Gaël,5
Gagan,5
Gal,5
Ganesh,5
Gard,5
Garth,5
Gaspard,5
Gaston,5
Genc,5
Gent,5
Gergely,5
Gibril,5
Gilberto,5
Godfrey,5
Gopal,5
Greg,5
Gui,5
Guleed,5
Gunnari,5
Gyula,5
Hafid,5
Haim,5
Hamadi,5
Hannu-Matias,5
Hans-Christer,5
Hans-Jürgen,5
Hans-Ole,5
Harem,5
Harpreet,5
Harry-Pekka,5
Hartte,5
Hasim,5
Hatim,5
Haukar,5
Hawre,5
Heigo,5
Helmuth,5
Hemin,5
Henrick,5
Hentry,5
Hewa,5
Hoa,5
Hook,5
Hosein,5
Hossain,5
Hubertus,5
Hudson,5
Håkon,5
Ibrahima,5
Iggy,5
Iivan,5
Ilkay,5
Imed,5
Indra,5
Isaak,5
Isai,5
Ishaaq,5
Isuf,5
Itai,5
Itamar,5
Iwan,5
Jaakko-Ville,5
Jabir,5
Jade,5
Jadon,5
Jahja,5
Jahvetti,5
Jai,5
Jaiden,5
Jairi,5
Jamin,5
Jami-Pekka,5
Jammi,5
Jamppa,5
Janar,5
Jan-Axel,5
Jan-Cristian,5
Janec,5
Jan-Henry,5
Jan-Matias,5
Janne-Antti,5
Janne-Petri,5
Janni,5
Jan-Oskar,5
Jan-Petri,5
Jari-Kalle,5
Jari-Marko,5
Jarno-Juhani,5
Jaroslaw,5
Jasser,5
Jawid,5
Jean-Claude,5
Jean-Michel,5
Jed,5
Jeetu,5
Jekki,5
Jemias,5
Jens-Erik,5
Jera,5
Jere-Santeri,5
Jeriel,5
Jeter,5
Jhon,5
Jilo,5
Joaquim,5
Johan-Kristian,5
Jonathon,5
Jonel,5
Jon-Henrik,5
Joni-Jukka,5
Jonimatti,5
Joni-Santeri,5
Jonn,5
Jonna,5
Joona-Kristian,5
Jope,5
Josue,5
Jovnna,5
Juha-Erik,5
Juha-Kalle,5
Juho-Lauri,5
Juho-Otto,5
Jukka-Joonas,5
Jukkamatti,5
Jurii,5
Jussi-Mikael,5
Jussi-Oskari,5
Jussi-Tapani,5
Juuso-Valtteri,5
Jyrki-Petteri,5
Jöns,5
Kaaro,5
Kader,5
Kai-Jukka,5
Kai-Peter,5
Kaj-Anders,5
Kaj-Christer,5
Kaj-Eric,5
Kaj-Kristian,5
Kaj-Peter,5
Kallas,5
Kalle-Erik,5
Kalle-Hermanni,5
Kalle-Kustaa,5
Kalle-Samuli,5
Kalle-Tapani,5
Kam,5
Kari-Kristian,5
Kari-Mikael,5
Karl-Fredrik,5
Karli,5
Karl-Wilhelm,5
Kashif,5
Kastor,5
Kauro,5
Kayode,5
Kazem,5
Keivan,5
Kenta,5
Kent-Johan,5
Kenzo,5
Keon,5
Kettil,5
Keven,5
Keyse,5
Keyvan,5
Killian,5
Kimmo-Juhani,5
Kimmo-Pekka,5
Kirk,5
Koa,5
Koray,5
Kourosh,5
Krasimir,5
Krenar,5
Kristijan,5
Kron,5
Ku,5
Kwaku,5
Kwan,5
Kyan,5
Lai,5
Lari-Antti,5
Lari-Mikko,5
Laripekka,5
Lászlo,5
Laurence,5
Laurens,5
Lauri-Heikki,5
Lauri-Jaakko,5
Lauri-Johannes,5
Lauripekka,5
Lauri-Ville,5
Lawin,5
Lazaro,5
Leri,5
Levan,5
Li,5
Linh,5
Loran,5
Loren,5
Lothar,5
Luna,5
Lütfi,5
M.,5
Maamar,5
Maarten,5
Magan,5
Maged,5
Mahammad,5
Mahin,5
Mamdouh,5
Mansuur,5
Manu-Pekka,5
Markku-Olavi,5
Markkus,5
Marko-Kristian,5
Marley,5
Maro,5
Marouan,5
Marti,5
Martti-Pekka,5
Maruan,5
Máté,5
Mathéo,5
Mathis,5
Mati,5
Matías,5
Matti-Olavi,5
Maximiliano,5
Maximos,5
Mazhar,5
Med,5
Mehmed,5
Meir,5
Memet,5
Mero,5
Micheal,5
Michelangelo,5
Micki,5
Mietti,5
Migel,5
Miha,5
Miico,5
Miika-Juhani,5
Miikka-Aleksi,5
Miitrei,5
Miitro,5
Mikaeli,5
Mikko-Ilmari,5
Mikko-Sakari,5
Mikko-Veli,5
Mikla,5
Mile,5
Milen,5
Minos,5
Miraç,5
Mircea,5
Mirnes,5
Miró,5
Mohamed-Amiin,5
Mohammadreza,5
Mohan,5
Mohd,5
Moshe,5
Moulay,5
Mowlid,5
Mowliid,5
Muadh,5
Muayad,5
Mucad,5
Mukhtaar,5
Mykhaylo,5
Märt,5
Nantte,5
Narek,5
Nart,5
Natnael,5
Nay,5
Nedal,5
Neel,5
Nehemia,5
Nels,5
Nghia,5
Ngo,5
Nicoló,5
Nicolò,5
Nihal,5
Niillas,5
Nika,5
Nikan,5
Nikanor,5
Niko-Erik,5
Niko-Jussi,5
Niko-Santeri,5
Niko-Tapio,5
Niko-Valtteri,5
Niku-Petteri,5
Niky,5
Nilas,5
Noman,5
Nurettin,5
Nyyti,5
Obed,5
Olakunle,5
Olalekan,5
Oleh,5
Olev,5
Olli-Aleksi,5
Olli-Valtteri,5
Olufemi,5
Omri,5
Onni-Eemil,5
Onni-Hermanni,5
Onnipekka,5
Onni-Veikko,5
Ooke,5
Or,5
Orestis,5
Osei,5
Oso,5
Osse,5
Ossi-Matti,5
Osvaldo,5
Otso-Pekka,5
Otto-Matti,5
Oulas,5
Ousainou,5
Ovidiu,5
Paavo-Matti,5
Paavo-Pekka,5
Panajotis,5
Pasi-Juhani,5
Pasi-Markus,5
Pasi-Veikko,5
Paw,5
Peeta,5
Pehr-Johan,5
Peiman,5
Pekka-Matti,5
Pekka-Tapio,5
Pele,5
Peng,5
Pentti-Juhani,5
Peo,5
Pera,5
Per-Mikael,5
Pertti-Juhani,5
Petri-Markus,5
Pierce,5
Poika,5
Pouria,5
Pouta,5
Prakash,5
Pravin,5
Predrag,5
Puro,5
Qaasim,5
Rabin,5
Radomir,5
Rafe,5
Raffaello,5
Rahand,5
Raiku,5
Rajiv,5
Raku,5
Rami-Matti,5
Ramo,5
Ramtin,5
Rasa,5
Rawad,5
Ravil,5
Reco,5
Reece,5
Reettu,5
Reginald,5
Rego,5
Rehan,5
Reis,5
Rémy,5
Ren,5
Renzo,5
Reyansh,5
Rihard,5
Riku-Juhani,5
Riku-Mikko,5
Rishi,5
Risse,5
Risto-Juhani,5
Risto-Sakari,5
Roderick,5
Rogert,5
Roj,5
Rolando,5
Roméo,5
Roni-Mikael,5
Roni-Pekka,5
Ronit,5
Roope-Rasmus,5
Rossi,5
Rostam,5
Rrahim,5
Rudolph,5
Ruupe,5
Saacid,5
Sa'ad,5
Saamo,5
Sadiiq,5
Safaa,5
Sahel,5
Sahir,5
Saihou,5
Saku-Mikko,5
Salad,5
Salama,5
Saleban,5
Salo,5
Sameh,5
Samiel,5
Sami-Henrik,5
Sami-Jaakko,5
Sami-Sebastian,5
Sami-Tapani,5
Sami-Veikko,5
Sammi,5
Samu-Matti,5
Sanjeev,5
Santtu-Petteri,5
Sarkaut,5
Sattar,5
Sava,5
Séan,5
Sebastiano,5
Seedy,5
Seem,5
Sehmus,5
Selçuk,5
Sepe,5
Sepi,5
Seri,5
Sezgin,5
Shaban,5
Shai,5
Shaip,5
Shamal,5
Shams,5
Shan,5
Shlomo,5
Shpend,5
Shpetim,5
Sidney,5
Silmu,5
Simo-Jukka,5
Simo-Sakari,5
Simo-Ville,5
Siro,5
Sisu-Petteri,5
Siu,5
Sivan,5
Skyler,5
Slim,5
Spiridon,5
Spiros,5
Stan,5
Star,5
Stelios,5
Stergios,5
Stig-Henrik,5
Stoyan,5
Sudais,5
Sufyan,5
Suheil,5
Sulejman,5
Suleman,5
Suliman,5
Surya,5
Svein,5
Sven-Johan,5
Svjatoslav,5
Tahar,5
Tahmid,5
Taif,5
Taiga,5
Tari,5
Tawan,5
Tayyab,5
Teddie,5
Teemu-Eemeli,5
Teemu-Oskari,5
Teemu-Tapani,5
Teho,5
Teimo,5
Teini,5
Teivo,5
Tero-Antti,5
Tero-Heikki,5
Tero-Juhani,5
Tero-Markus,5
Tero-Petri,5
Terri,5
Tihon,5
Timo-Markus,5
Timo-Olli,5
Timopekka,5
Timotei,5
Timppa,5
Tintti,5
Tome,5
Tomi-Heikki,5
Tomi-Jukka,5
Tomislav,5
Tommi-Tapio,5
Toni-Erik,5
Topia,5
Topi-Antti,5
Topi-Oskari,5
Topi-Valtteri,5
Tor-Gunnar,5
Toufik,5
Trey,5
Tunna,5
Tuomas-Petteri,5
Turan,5
Turgut,5
Turja,5
Tuuka,5
Tuukka-Matias,5
Tuukka-Pekka,5
Ui,5
Ulf-Johan,5
Umed,5
Unho,5
Unik,5
Uriel,5
Urmo,5
Urs,5
Usaama,5
Uthman,5
Utti,5
Uuri,5
Uyi,5
Vadym,5
Wahab,5
Valdet,5
Valentine,5
Warsame,5
Vasil,5
Vasile,5
Veera,5
Veeti-Waltteri,5
Veikka-Pekka,5
Veikki,5
Veikko-Pekka,5
Weli,5
Veli-Juha,5
Veli-Viljami,5
Veljo,5
Welmeri,5
Venho,5
Venno,5
Wenzel,5
Verno,5
Vernon,5
Vesku,5
Veysel,5
Veysi,5
Vicktor,5
Vigo,5
Viku,5
Wilbur,5
Vilde,5
Vilho-Valtteri,5
Vilias,5
Viljar,5
Vilkka,5
Wilko,5
Villem,5
Ville-Paavo,5
Wille-Veikko,5
Ville-Väinö,5
Vimme,5
Vini,5
Vinny,5
Vinod,5
Vinston,5
Wissam,5
Woitto,5
Vuk,5
Väinämö,5
Väinö-Viljami,5
Yaasiin,5
Yari,5
Yaron,5
Yaseen,5
Yaw,5
Ye,5
Yehia,5
Yehonatan,5
Ying,5
Yiu,5
Yones,5
Yotam,5
Younas,5
Yukio,5
Yücel,5
Zac,5
Zafar,5
Zahar,5
Zaur,5
Zayn,5
Zheng,5
Zimi,5
Ziya,5
Zlatan,5
Zlatko,5
Zubeir,5
Zuhair,5
Änäs,5
